scan_index,scan_file,x,y,z,yaw_rad,yaw_deg,prediction_confidence,z_redistributed
0,cloud000000.pcd,0.006159566113016611,0.009874542793548517,0.0,0.005293535397014607,0.30329723695204563,0.0,True
1,cloud000001.pcd,0.005201220215596525,0.013609206055494419,0.0,0.011910083993486068,0.6823975464730687,0.0,True
2,cloud000002.pcd,-0.028572475635685296,0.030691859715032008,0.0,0.018065615314819216,1.035083511846045,0.2042263692537791,True
3,cloud000003.pcd,-0.019657201759290643,0.023145662054858584,0.0,0.012224398588620023,0.7004064462136076,0.27029865115604085,True
4,cloud000004.pcd,-0.015782652122559474,0.031899975087914256,0.0,0.010130182468716742,0.5804167011548864,0.26892075867230225,True
5,cloud000005.pcd,0.015897825629519382,0.018818208750069645,0.0,0.005280959475572427,0.30257668972992063,0.26982411034814413,True
6,cloud000006.pcd,0.014649176497862865,0.020604285118292577,0.0,0.003102809533677814,0.1777778909126938,0.26698274355005325,True
7,cloud000007.pcd,0.0007341499560432722,0.0244314763627946,0.0,0.003250877082033131,0.1862615365163027,0.2695354046601247,True
8,cloud000008.pcd,0.0013781902496112107,0.032678124539984185,0.0,0.008044444522097923,0.4609127196433455,0.26898231701003994,True
9,cloud000009.pcd,-0.016584739464435335,0.04070488186780819,0.0,0.01867876748836265,1.0702145435893569,0.27067296072922503,True
10,cloud000010.pcd,-0.05177352426607848,0.06565263365467489,0.0,0.07434602028499408,4.259713185924166,0.27085536351288425,True
11,cloud000011.pcd,-0.06461017110116223,0.08956378550068446,0.0,0.14614490049724146,8.373485995851302,0.2712627767447929,True
12,cloud000012.pcd,-0.05124895398073011,0.10887280184711134,0.0,0.2344651615875345,13.433864201818595,0.26983319254524746,True
13,cloud000013.pcd,-0.01471927299575062,0.13276535891610539,0.0,0.2992995587850189,17.148601528509264,0.26759521018151494,True
14,cloud000014.pcd,-0.05066500833623658,0.1642252067029915,0.0,0.3806521276280655,21.80976037576331,0.2677378806552722,True
15,cloud000015.pcd,-0.027957085061813065,0.17879660109350015,0.0,0.42694467758435745,24.462128111157366,0.2682689432366495,True
16,cloud000016.pcd,0.02965492583270608,0.18592048268556421,0.0,0.5071271758753529,29.056246854046343,0.2703936882911266,True
17,cloud000017.pcd,0.06048904271571917,0.22457033211502678,0.0,0.612474107367208,35.09218141318346,0.26792783354869715,True
18,cloud000018.pcd,0.04229797361790508,0.2695687003951747,0.0,0.7222675039797973,41.382879657490776,0.2678985601868519,True
19,cloud000019.pcd,0.02480382385867927,0.317127941690341,0.0,0.8152760378673761,46.711876107948534,0.2593921582624407,True
20,cloud000020.pcd,0.014120354729292302,0.387181637410064,0.0,0.9167839439155927,52.52785071172183,0.26288647441941176,True
21,cloud000021.pcd,-0.014686007451419705,0.41784263531194743,0.0,1.007144809050192,57.7051469170852,0.2624265018574147,True
22,cloud000022.pcd,0.059606540942033284,0.44616010529589345,0.0,1.122502895645022,64.31467841167364,0.26147739409986576,True
23,cloud000023.pcd,0.055162139965949965,0.4728576883429154,0.0,1.21192383388313,69.43812077281723,0.260442164947008,True
24,cloud000024.pcd,0.03653650494098212,0.5071985226360186,0.0,1.3204387698223647,75.65556861626787,0.25916355552274906,True
25,cloud000025.pcd,0.0857423291525761,0.4941359787130619,0.0,1.4329038695052707,82.09934417061648,0.2635611420637471,True
26,cloud000026.pcd,0.13284856142834564,0.5165975214925808,0.0,1.537801394676985,88.10952964432302,0.26423832223780225,True
27,cloud000027.pcd,0.038940207293108986,0.5715521659292334,0.0,1.6541175139223958,94.77395236642548,0.26096329369829113,True
28,cloud000028.pcd,-0.021380940400048926,0.5652282611369781,0.0,1.7704743073429046,101.4407055470962,0.26394120266450394,True
29,cloud000029.pcd,-0.06940957257366781,0.593183890714701,0.0,1.8607804762730478,106.61486789078886,0.26473852440043616,True
30,cloud000030.pcd,-0.13632332891431093,0.6137752008596437,0.0,1.9704668369464637,112.89943342752532,0.26285384366455516,True
31,cloud000031.pcd,-0.15394139450562302,0.6108390406249666,0.0,2.0922270213470378,119.87577810641285,0.26438010899344827,True
32,cloud000032.pcd,-0.22099848432889369,0.6475165386794367,0.0,2.2015003594633518,126.13667919378368,0.2644136206036817,True
33,cloud000033.pcd,-0.2643188439430405,0.6495160222596703,0.0,2.281939833817698,130.74552158053854,0.2647628422622514,True
34,cloud000034.pcd,-0.31446381250667343,0.6441734196044654,0.0,2.4032866399114883,137.6981814271051,0.264392310280111,True
35,cloud000035.pcd,-0.3751810205991207,0.6525769014740521,0.0,2.5134593534562963,144.0106129307264,0.2654871027060595,True
36,cloud000036.pcd,-0.3673811167154729,0.6262536843205174,0.0,2.6144040057235847,149.7943154700577,0.263016141231803,True
37,cloud000037.pcd,-0.35243941226247383,0.6153255228050111,0.0,2.7194769744845515,155.81455312097106,0.26211845637749326,True
38,cloud000038.pcd,-0.41734714649152865,0.5870324527942583,0.0,2.817546905260708,161.43354625158497,0.2615440159972503,True
39,cloud000039.pcd,-0.4144372061957684,0.5676186018594018,0.0,2.9081831943436502,166.62662308676522,0.25924399279730476,True
40,cloud000040.pcd,-0.4676070547268212,0.562241630224709,0.0,2.9920164362106294,171.42991402864257,0.2624837204850669,True
41,cloud000041.pcd,-0.49108245185221067,0.5409779226866326,0.0,3.0681881555579467,175.79423206549885,0.26361486083817726,True
42,cloud000042.pcd,-0.4658864293688353,0.514411810022676,0.0,3.131466642678164,179.41982231146025,0.2664164767714639,True
43,cloud000043.pcd,-0.47607587304575083,0.4780819872731371,0.0,-3.0797157075891453,-176.45471214500398,0.2634393829255993,True
44,cloud000044.pcd,-0.4897154104886811,0.48432910742624746,0.0,-3.0009418990520214,-171.94130537965518,0.2314297052074545,True
45,cloud000045.pcd,-0.48416393806696373,0.45786144255344496,0.0,-2.9126457761983464,-166.88231019277097,0.22713147326685526,True
46,cloud000046.pcd,-0.48482359968651684,0.4234912266499617,0.0,-2.835348236821292,-162.45348741971947,0.22226384708361324,True
47,cloud000047.pcd,-0.4903584120379703,0.4008540890635963,0.0,-2.7728502814912397,-158.87261835111033,0.22663003831337672,True
48,cloud000048.pcd,-0.4720189424194465,0.3493454671411675,0.0,-2.6967118447365994,-154.5102072663457,0.2658124831335384,True
49,cloud000049.pcd,-0.462626114839254,0.33029685729134434,0.0,-2.635076545802672,-150.9787647684045,0.26509453621824003,True
50,cloud000050.pcd,-0.4212860821753203,0.27239268785043635,0.0,-2.5719299113884793,-147.36072912601566,0.26307825636196863,True
51,cloud000051.pcd,-0.42332077775020877,0.24268653084077763,0.0,-2.511518898196046,-143.8994330339801,0.26796413285407394,True
52,cloud000052.pcd,-0.44475986158543196,0.21015701263819614,0.0,-2.434289603685452,-139.4745204037502,0.26946219480905004,True
53,cloud000053.pcd,-0.43830355489196215,0.17205928858578304,0.0,-2.3759329320231704,-136.13092941107078,0.2664594372384744,True
54,cloud000054.pcd,-0.446276768922548,0.15024929515275515,0.0,-2.268176851013571,-129.95696075235094,0.26690960939832076,True
55,cloud000055.pcd,-0.41286170542726414,0.12935681349653946,0.0,-2.2023047930247666,-126.18276984175142,0.26841960124478353,True
56,cloud000056.pcd,-0.42764321647427317,0.10033361843353336,0.0,-2.1219598112389724,-121.57934148036995,0.2644381595770567,True
57,cloud000057.pcd,-0.41773890507271927,0.09817768482264996,0.0,-2.05747723888057,-117.88476223208654,0.2665346535074426,True
58,cloud000058.pcd,-0.41118099260738145,0.08643970403473987,0.0,-1.9750190135260635,-113.16025393313468,0.26540629961890777,True
59,cloud000059.pcd,-0.39222008550680687,0.0790560131749392,0.0,-1.8832159190937248,-107.90032407592074,0.26685961158719446,True
60,cloud000060.pcd,-0.37688249821122277,0.04282944462367925,0.0,-1.8201163661485829,-104.28498600300182,0.26438407500692807,True
61,cloud000061.pcd,-0.3608915116115796,0.027852971365781923,0.0,-1.7411309691581034,-99.75945611228202,0.2651575272618688,True
62,cloud000062.pcd,-0.3309747544293256,0.00936680354838363,0.0,-1.6474514195233072,-94.39201329152189,0.26365578349606705,True
63,cloud000063.pcd,-0.2902902686765422,0.007885585791362951,0.0,-1.5757702916953726,-90.28498719624349,0.26516141671743665,True
64,cloud000064.pcd,-0.2589346173828008,0.00746196374349694,0.0,-1.5071883668126427,-86.35553234957982,0.2639607155137927,True
65,cloud000065.pcd,-0.2183705563959211,0.011714297607704188,0.0,-1.414143644580897,-81.02446245973373,0.2655295374653948,True
66,cloud000066.pcd,-0.23406252915275533,-0.0018783277387554222,0.0,-1.3473718579211866,-77.1987208935844,0.2655360345117329,True
67,cloud000067.pcd,-0.18415535969036295,0.013709430476209946,0.0,-1.2713784092967868,-72.84461701676203,0.2665723016328337,True
68,cloud000068.pcd,-0.1441961102239907,-0.014566650930142271,0.0,-1.2115978003591157,-69.41944042791143,0.2663893337537097,True
69,cloud000069.pcd,-0.09301289971988494,-0.021028579064300654,0.0,-1.146997179298393,-65.71809748720808,0.2666314380193901,True
70,cloud000070.pcd,-0.02608190211543507,-0.005470597523228168,0.0,-0.9549849261381592,-54.71660576632918,0.26768246698224835,True
71,cloud000071.pcd,-0.015047558309782685,0.01677809048001224,0.0,-0.8804705464631162,-50.44724629791381,0.2658834234541637,True
72,cloud000072.pcd,0.004881524793434594,0.023730000103553726,0.0,-0.797421821559506,-45.68890486699393,0.26187004494933,True
73,cloud000073.pcd,0.026123720829983172,0.041441007492742266,0.0,-0.7131243691195406,-40.85901661847913,0.26512939634338456,True
74,cloud000074.pcd,0.06277455587953316,0.03600288054295133,0.0,-0.6491940870089908,-37.19608127046392,0.2624314613445823,True
75,cloud000075.pcd,0.12291810366862846,0.026034785422901968,0.0,-0.5679965518377814,-32.54380519828856,0.26674450772338604,True
76,cloud000076.pcd,0.15739390939711262,0.013357060520689754,0.0,-0.48355521001385077,-27.705672695355812,0.2672784742667217,True
77,cloud000077.pcd,0.188849914192286,0.0010657092707724233,0.0,-0.40143525689872145,-23.000545968046705,0.26666572220737056,True
78,cloud000078.pcd,0.21270336510892676,0.0010937992999006428,0.0,-0.3233471999732012,-18.526429875837074,0.26859231182596816,True
79,cloud000079.pcd,0.29413476580672815,-0.017430587296022388,0.0,-0.2653695064718085,-15.204552732304213,0.2682070178014038,True
80,cloud000080.pcd,0.3496094694693779,-0.04313784944775302,0.0,-0.2052561957689466,-11.760313736471625,0.2646154543302172,True
81,cloud000081.pcd,0.42498769969395306,-0.05009438396045437,0.0,-0.14087939078903156,-8.071794512585713,0.26799010704255205,True
82,cloud000082.pcd,0.5101246409469268,-0.08290049462045078,0.0,-0.08512098007509088,-4.8770729063198806,0.2683001129140144,True
83,cloud000083.pcd,0.5828876017526924,-0.09840622990554783,0.0,-0.03526564049272569,-2.020572362058839,0.2692009453748026,True
84,cloud000084.pcd,0.548424384856652,-0.08565718682243681,0.0,0.03258629207928405,1.8670570061235596,0.27155105735670937,True
85,cloud000085.pcd,0.6242822514721359,-0.08920637456812969,0.0,0.08284091962721772,4.74643506562204,0.2706885036803265,True
86,cloud000086.pcd,0.6791118970942748,-0.10296288958491873,0.0,0.12736900597051495,7.297706482887091,0.27020579354182644,True
87,cloud000087.pcd,0.7598441207699447,-0.10797630544989474,0.0,0.169188110063514,9.693764650434202,0.26949817806400506,True
88,cloud000088.pcd,0.8343798548527883,-0.1086884328061182,0.0,0.22881246603557484,13.109988603818934,0.27060988878647224,True
89,cloud000089.pcd,0.8521365106025051,-0.08594764002889949,0.0,0.3088840117210016,17.697750230682843,0.2696873064992909,True
90,cloud000090.pcd,0.8940443473268608,-0.044018432798430165,0.0,0.42233148261039394,24.197811509078292,0.26776223469769994,True
91,cloud000091.pcd,0.9645083872619429,-0.008406806873197933,0.0,0.4798495993033489,27.493356841125582,0.26910127121997873,True
92,cloud000092.pcd,1.0516283882249293,0.0018810255583956142,0.0,0.5568333873543132,31.90420298737549,0.26991155705199116,True
93,cloud000093.pcd,1.1694701275326298,0.016315383961704864,0.0,0.6671049261395615,38.22229676018338,0.26859619711258115,True
94,cloud000094.pcd,1.31049584423616,0.046675038860285484,0.0,0.693799429854762,39.751779159260664,0.26813534987358795,True
95,cloud000095.pcd,1.3871267280437032,0.0346641415585338,0.0,0.6402546787001846,36.683890903025144,0.26987481517650064,True
96,cloud000096.pcd,1.4997181408479157,0.03335982899932215,0.0,0.6163117697994639,35.31206327374763,0.2712428751158494,True
97,cloud000097.pcd,1.5863004015892017,0.0301435250060964,0.0,0.6221007236289386,35.64374589597263,0.27103604571971546,True
98,cloud000098.pcd,1.7189315360432562,0.022695945151234548,0.0,0.6125907095739115,35.09886222750948,0.2719174659897106,True
99,cloud000099.pcd,1.8282071340462307,0.029781184965464433,0.0,0.6577891542563993,37.68854234837155,0.2704329609974451,True
100,cloud000100.pcd,1.9140563521894238,0.050708614343415837,0.0,0.7156421849274142,41.003276837861605,0.2712310223276685,True
101,cloud000101.pcd,2.0068916660373297,0.06972507856556456,0.0,0.7858806867588519,45.02764655212489,0.2712969609926073,True
102,cloud000102.pcd,2.07909770783422,0.115763359939465,0.0,0.83511843499006,47.84876171850085,0.2699543404855331,True
103,cloud000103.pcd,2.171293868204056,0.14785513431998556,0.0,0.8346719359855856,47.82317920998768,0.26970806832665156,True
104,cloud000104.pcd,2.2734714445309088,0.179774925792749,0.0,0.8435240978353553,48.3303707235462,0.2688422974806531,True
105,cloud000105.pcd,2.389734331190095,0.22622233064475517,0.0,0.8365061178781485,47.92827009129085,0.2708463484462343,True
106,cloud000106.pcd,2.5014864801608585,0.2590074301337315,0.0,0.8360124411492348,47.89998449828027,0.27117995203230894,True
107,cloud000107.pcd,2.6254858171213415,0.2761516397265634,0.0,0.8399273995632951,48.12429509237516,0.2707489327478782,True
108,cloud000108.pcd,2.73878309435992,0.3351500307061996,0.0,0.8320710380058307,47.67415873280362,0.27069738256924897,True
109,cloud000109.pcd,2.8302252094440448,0.37216723381262345,0.0,0.8337240881962888,47.768871532040166,0.27160584050145586,True
110,cloud000110.pcd,2.9063819199843404,0.40219542704477274,0.0,0.8319716479471588,47.668464101916165,0.2720983675023386,True
111,cloud000111.pcd,3.0298910102442447,0.41963146992978645,0.0,0.7903560659856835,45.284066893542864,0.27133530138177153,True
112,cloud000112.pcd,3.1186599031449322,0.4638344516386288,0.0,0.7013421583631985,40.183945668807084,0.27036461177433047,True
113,cloud000113.pcd,3.2387513948931534,0.45637735755801456,0.0,0.6341371139536567,36.333380262151074,0.27102441448162967,True
114,cloud000114.pcd,3.2980424484051647,0.48410894748989003,0.0,0.5855169342771294,33.547649167518315,0.2708941742639049,True
115,cloud000115.pcd,3.418413771803383,0.4716484644683558,0.0,0.5305302634811726,30.397145001434737,0.27021350108223124,True
116,cloud000116.pcd,3.5084579412960197,0.43963892733275967,0.0,0.508506097581793,29.135253248104334,0.2712741857169188,True
117,cloud000117.pcd,3.643700364185316,0.40732917078852743,0.0,0.4623288569758887,26.48949225182589,0.27093327605765294,True
118,cloud000118.pcd,3.712198503540639,0.39297206311746524,0.0,0.42736428003222093,24.486169560493302,0.2707370040387264,True
119,cloud000119.pcd,3.7302618758641484,0.4165349820479973,0.0,0.4223374521555381,24.198153538820666,0.2695688321978464,True
120,cloud000120.pcd,3.7878124515203777,0.40693307875512313,0.0,0.4284559787022924,24.54871928678844,0.268843180921757,True
121,cloud000121.pcd,3.8461215679830363,0.39181059917,0.0,0.4280520998097399,24.525578730810764,0.2703021474961345,True
122,cloud000122.pcd,3.896988692001603,0.36569830255491165,0.0,0.3881884914227025,22.241562214071212,0.2696782720349741,True
123,cloud000123.pcd,3.9334079516559313,0.34332123721484914,0.0,0.34532535629337163,19.785685474461616,0.26887664656073706,True
124,cloud000124.pcd,4.026624719064769,0.331114767468669,0.0,0.32218059780817615,18.459588495410316,0.27080263688802025,True
125,cloud000125.pcd,4.048900996291706,0.3111891634748231,0.0,0.29325711360911,16.8023949219905,0.27053613385801784,True
126,cloud000126.pcd,4.175484995976834,0.26210771199962,0.0,0.26522484045702094,15.196263980217909,0.2692629984222915,True
127,cloud000127.pcd,4.197925261571244,0.24421609532443903,0.0,0.22740667029260278,13.029442440889177,0.27112693684321826,True
128,cloud000128.pcd,4.335393661005457,0.20775206375376143,0.0,0.21577554298366358,12.363027935107606,0.2700628553720232,True
129,cloud000129.pcd,4.444678787421736,0.20924753842697238,0.0,0.22656801366490928,12.981390955661665,0.2701963711883185,True
130,cloud000130.pcd,4.552530879710902,0.16770541028925134,0.0,0.21793886806011772,12.486977331703244,0.2705212804177945,True
131,cloud000131.pcd,4.651747783454704,0.13628555447679247,0.0,0.21007658333014317,12.036501599345549,0.2717489606175393,True
132,cloud000132.pcd,4.754700534270713,0.1091932720032993,0.0,0.18697294587731086,10.712760681897878,0.27103759121619114,True
133,cloud000133.pcd,4.806760590188514,0.1035419378950399,0.0,0.20092353375608402,11.512070489077944,0.27203171262377634,True
134,cloud000134.pcd,4.9182207670830875,0.055405958444243834,0.0,0.19093003042021425,10.939484925382697,0.2700870030743052,True
135,cloud000135.pcd,5.062727727765558,0.020636885938698175,0.0,0.19196714175896007,10.998907027977994,0.2707188844166298,True
136,cloud000136.pcd,5.069599094175763,-0.0056151030292888385,0.0,0.198813479927786,11.391173310171045,0.2714398502852484,True
137,cloud000137.pcd,5.196000225613949,-0.023123947880621405,0.0,0.1971552711551653,11.296164945948309,0.2713069694558113,True
138,cloud000138.pcd,5.217630974544966,-0.04365160875620826,0.0,0.1970130975436637,11.288018998051136,0.27076638439927075,True
139,cloud000139.pcd,5.27582099092577,-0.08299536470270019,0.0,0.2024698073039332,11.600665437342423,0.2713946744059816,True
140,cloud000140.pcd,5.4289576301667095,-0.12908925198524235,0.0,0.20839471334870135,11.940137547719186,0.27007645727053714,True
141,cloud000141.pcd,5.381907837545378,-0.14431064602099572,0.0,0.187643772443727,10.751196212938776,0.27160812241840654,True
142,cloud000142.pcd,5.424144338685536,-0.17048751706702964,0.0,0.19364393683984588,11.094980309221048,0.26675754735608376,True
143,cloud000143.pcd,5.527557968461227,-0.18821165624326974,0.0,0.1955856155495738,11.206230304458865,0.2713736395435581,True
144,cloud000144.pcd,5.631455547708704,-0.2188042434272766,0.0,0.20167190675673827,11.554949103516973,0.2711091036913138,True
145,cloud000145.pcd,5.673490683554104,-0.2672551798351307,0.0,0.19922264621461044,11.414616811525125,0.27037422758432744,True
146,cloud000146.pcd,5.649116731622227,-0.25517309016604295,0.0,0.21389306114056977,12.255169670488323,0.27034419926141634,True
147,cloud000147.pcd,5.815472140550961,-0.30513368986848266,0.0,0.2612439412436882,14.968175256626994,0.2708017860036949,True
148,cloud000148.pcd,5.975882852147678,-0.3194400162190331,0.0,0.2919287691316013,16.726286389689744,0.26957122845987935,True
149,cloud000149.pcd,6.017453269257228,-0.3038012649835857,0.0,0.3270281697189884,18.737333906786024,0.26852653321351133,True
150,cloud000150.pcd,6.057065639668839,-0.3094811862553517,0.0,0.36336820453967916,20.819464529370055,0.27024642677985217,True
151,cloud000151.pcd,6.137385878867243,-0.3144985831746264,0.0,0.3707373415854158,21.24168498074427,0.269827905265741,True
152,cloud000152.pcd,6.242265089900599,-0.32048410637671765,0.0,0.37055315654520554,21.231131955290774,0.270652541021461,True
153,cloud000153.pcd,6.390989495110467,-0.3341106539497705,0.0,0.33676513472673986,19.29522090699675,0.2701651505585304,True
154,cloud000154.pcd,6.516507535585602,-0.39847030453097965,0.0,0.33706993989634676,19.312684956788996,0.2707937896689164,True
155,cloud000155.pcd,6.552207905417318,-0.39314366845286386,0.0,0.33814300628296495,19.37416713187957,0.2718620302227263,True
156,cloud000156.pcd,6.7287686581650545,-0.4160541062508467,0.0,0.34441488101904244,19.733519083891537,0.2712808358774636,True
157,cloud000157.pcd,6.847609104329552,-0.4385287748248361,0.0,0.3275954004457247,18.769833833438152,0.27020463223824026,True
158,cloud000158.pcd,6.955961031171401,-0.4692463412788995,0.0,0.29681333253112646,17.006151257246607,0.26996072417999734,True
159,cloud000159.pcd,6.997029336223042,-0.47161398190923615,0.0,0.2844697710054489,16.29891727766522,0.2702875027967021,True
160,cloud000160.pcd,6.989414320928509,-0.46927676961035547,0.0,0.28552140832471284,16.359171657637496,0.2706118791159509,True
161,cloud000161.pcd,7.1851158630218706,-0.567302419716324,0.0,0.28695227866917883,16.441154489405825,0.2714505507926922,True
162,cloud000162.pcd,7.2456014106095195,-0.5685006121086598,0.0,0.2918496253104407,16.7217517827627,0.27100063958990134,True
163,cloud000163.pcd,7.422895757354058,-0.6277787550256004,0.0,0.28627931610093343,16.40259657447508,0.2714585490254781,True
164,cloud000164.pcd,7.5462299059138305,-0.6568048830586842,0.0,0.27019654347172706,15.481121579953037,0.27019338757357975,True
165,cloud000165.pcd,7.463129915130125,-0.6146938702465519,0.0,0.26604162498977,15.243062286715995,0.2710462903267538,True
166,cloud000166.pcd,7.6188235474757935,-0.6925771712068627,0.0,0.2699251967049784,15.465574555433816,0.2710816648566508,True
167,cloud000167.pcd,7.692233371989435,-0.735857754302847,0.0,0.26531732332402364,15.201562858174432,0.27204749270331124,True
168,cloud000168.pcd,7.806341334096172,-0.7763144684179586,0.0,0.20509013563577488,11.750799191695505,0.27214797985244993,True
169,cloud000169.pcd,7.964579143502901,-0.8729895788647202,0.0,0.1195086490295465,6.847341204703236,0.27147908418555533,True
170,cloud000170.pcd,8.14715697825804,-0.9505618426835366,0.0,0.08802917737586238,5.043700337645426,0.27126734304976735,True
171,cloud000171.pcd,8.155004458913153,-0.9931713829063097,0.0,0.07815159795160691,4.477756724830326,0.26730745415784657,True
172,cloud000172.pcd,8.290127811372686,-1.073735166187122,0.0,0.0756529297690137,4.334593583564111,0.26978322586390274,True
173,cloud000173.pcd,8.512550546000936,-1.1788087471901267,0.0,0.06678960696439527,3.8267625943974193,0.26866444546229123,True
174,cloud000174.pcd,8.618429311091866,-1.2113033471519006,0.0,0.05253948881801193,3.0102909670468656,0.27013155135953953,True
175,cloud000175.pcd,8.693588140704128,-1.2533163406352759,0.0,0.13076352811288547,7.492198275108628,0.27026832449871596,True
176,cloud000176.pcd,8.734414404502358,-1.2693710385497514,0.0,0.1653761169578133,9.475353533944585,0.2713684208483932,True
177,cloud000177.pcd,8.802674933575219,-1.2862056767464463,0.0,0.17313382945735162,9.919837718844015,0.2696719845170491,True
178,cloud000178.pcd,8.908100591370815,-1.3287073996712944,0.0,0.21550108686724992,12.347302757975552,0.27033099995503596,True
179,cloud000179.pcd,9.066504704827176,-1.355721857627847,0.0,0.25420715096175556,14.564996872153579,0.26935281168614245,True
180,cloud000180.pcd,9.132061775110461,-1.3610849574362134,0.0,0.2921751047393133,16.740400380355428,0.2707895228403257,True
181,cloud000181.pcd,9.168398040630786,-1.3670806419193542,0.0,0.2907350917031409,16.65789371093893,0.2702278942900604,True
182,cloud000182.pcd,9.397603529846954,-1.3884238720026598,0.0,0.29010705486407806,16.62190985068189,0.27019425126444924,True
183,cloud000183.pcd,9.589892050346526,-1.4466622868897772,0.0,0.2882686431368991,16.516576617707184,0.2697139973662903,True
184,cloud000184.pcd,9.6004016518652,-1.470282354757416,0.0,0.2855227178111072,16.35924668568122,0.2700981443855286,True
185,cloud000185.pcd,9.729823230144634,-1.5176830581077998,0.0,0.2915125954752686,16.702441395637347,0.27069100070723506,True
186,cloud000186.pcd,9.836732649270463,-1.521926433114199,0.0,0.29576259785322806,16.94594859481499,0.26873879250064875,True
187,cloud000187.pcd,9.890754379224914,-1.5388046143756104,0.0,0.29585316667043215,16.951137805796275,0.2695180547640347,True
188,cloud000188.pcd,10.191448821892575,-1.6060158347531248,0.0,0.2973901174326667,17.03919859779173,0.27122550360682435,True
189,cloud000189.pcd,10.307471448716056,-1.6376281328724966,0.0,0.30636484998221114,17.553412895139314,0.2708465521502839,True
190,cloud000190.pcd,10.353008651430095,-1.6472411390375057,0.0,0.3065908657985401,17.566362647518165,0.2708902829026748,True
191,cloud000191.pcd,10.53693766270909,-1.7053373931551346,0.0,0.3049416683742596,17.471870595523047,0.2713788311626516,True
192,cloud000192.pcd,10.737380653683436,-1.749917782887228,0.0,0.29970542465083444,17.17185592966892,0.27093054167458347,True
193,cloud000193.pcd,10.768081106012207,-1.7819987163300663,0.0,0.3015841209119611,17.27949729641848,0.2707374449950201,True
194,cloud000194.pcd,10.85714139594481,-1.79206861366364,0.0,0.3072867359084804,17.60623306790705,0.27066275355413005,True
195,cloud000195.pcd,10.913959316810123,-1.8016874173663417,0.0,0.3073848144445844,17.611852554086628,0.27074167491152434,True
196,cloud000196.pcd,10.842602435432829,-1.792922834932761,0.0,0.30407563726448383,17.422250668005866,0.27161402406596913,True
197,cloud000197.pcd,10.918490428911376,-1.796977579720379,0.0,0.3036317394816616,17.396817198514935,0.27125945486480146,True
198,cloud000198.pcd,10.97526153412686,-1.7875064596909227,0.0,0.3052392681186055,17.48892180485824,0.2701246580019968,True
199,cloud000199.pcd,11.078597126934206,-1.8018910961227725,0.0,0.30991935266538434,17.757070897153064,0.2702084941261,True
200,cloud000200.pcd,11.202078214353119,-1.8515872346816238,0.0,0.30789745312054384,17.64122458663428,0.27111695251627255,True
201,cloud000201.pcd,11.33961939565365,-1.8664035723069659,0.0,0.3009800758249857,17.24488806229918,0.2708093134425093,True
202,cloud000202.pcd,11.461267028869758,-1.9034614451929344,0.0,0.3028381580454635,17.351348331520853,0.27132183344408717,True
203,cloud000203.pcd,11.635718929177317,-1.9563851660531164,0.0,0.3011220364740852,17.25302180834952,0.2724101321538684,True
204,cloud000204.pcd,11.719375460805901,-1.961853573812041,0.0,0.29988597190829647,17.182200525524152,0.2722825577962662,True
205,cloud000205.pcd,11.862720676434796,-1.9847507392563146,0.0,0.291827019220286,16.720456549205544,0.2722266375678683,True
206,cloud000206.pcd,12.081930676841592,-2.033341568593476,0.0,0.296638235990852,16.996118964481536,0.27212649601340566,True
207,cloud000207.pcd,12.145424874944945,-2.059745352020514,0.0,0.2988591479895298,17.123367848675738,0.27059490724190877,True
208,cloud000208.pcd,12.100038982060534,-2.0402719259668283,0.0,0.29872935766535746,17.11593141087903,0.27112296863717006,True
209,cloud000209.pcd,12.094010684088852,-2.018337151722249,0.0,0.294483601903926,16.87266752490565,0.27053114096213815,True
210,cloud000210.pcd,12.078382574925094,-2.0121795907208275,0.0,0.2951267020782607,16.90951445069916,0.27166681574064666,True
211,cloud000211.pcd,12.053266444617519,-2.0243001632038626,0.0,0.2949646901573177,16.900231851398317,0.27173155345389943,True
212,cloud000212.pcd,12.026826688924396,-2.0044722130942665,0.0,0.28956786709719096,16.59101666727418,0.2719707753368656,True
213,cloud000213.pcd,11.820593227030955,-1.9390669358388328,0.0,0.29225058008208415,16.744724798953502,0.2690602675552234,True
214,cloud000214.pcd,12.056857029982949,-2.024693123875919,0.0,0.2889004402081768,16.55277592340012,0.27108143735302737,True
215,cloud000215.pcd,12.009694835571738,-2.022394559139703,0.0,0.28783550584239515,16.49175967878239,0.2713449436450873,True
216,cloud000216.pcd,12.172047350208823,-2.0959709763374055,0.0,0.22646346394374123,12.975400697889466,0.27161000861441725,True
217,cloud000217.pcd,11.983080207915332,-2.089900925525025,0.0,0.17006103360404046,9.743779485143985,0.2711830772708594,True
218,cloud000218.pcd,11.829542433307749,-2.06606674427083,0.0,0.16898546723948196,9.682154071868554,0.2696865869930355,True
219,cloud000219.pcd,11.888824312565559,-2.0909509760012237,0.0,0.17074246764660944,9.782822779799726,0.26981537272224587,True
220,cloud000220.pcd,12.072202213816393,-2.1467866115190004,0.0,0.17417036117262447,9.979226611460605,0.2706500573893314,True
221,cloud000221.pcd,12.193866047216924,-2.1799763547363202,0.0,0.17355614296104785,9.944034500237192,0.2700758773232202,True
222,cloud000222.pcd,12.198267316678551,-2.2114168605579376,0.0,0.1761356325557262,10.091828367310173,0.2709593791868253,True
223,cloud000223.pcd,12.079106733047839,-2.2097155014837937,0.0,0.17649104444569969,10.112191968594422,0.271537299555853,True
224,cloud000224.pcd,12.043272075170455,-2.194108264994634,0.0,0.19185036353033538,10.992216128338786,0.27118016857635063,True
225,cloud000225.pcd,12.246051376654556,-2.2332928223856197,0.0,0.19564701655633243,11.20974832300399,0.271488830396209,True
226,cloud000226.pcd,12.296877569041119,-2.261750167208495,0.0,0.19019628909762362,10.897444644343906,0.27074435486852405,True
227,cloud000227.pcd,12.585460061579251,-2.339303394353493,0.0,0.1949887003092618,11.17202958046195,0.26964217646129934,True
228,cloud000228.pcd,12.562898808632845,-2.3568338630197347,0.0,0.1994470233683562,11.427472675453915,0.2708658221958117,True
229,cloud000229.pcd,12.477945047881656,-2.3590991916652335,0.0,0.19972092455167365,11.443166057261644,0.2713467848856673,True
230,cloud000230.pcd,12.462857181247298,-2.3494346436027027,0.0,0.20561533831363546,11.780891088525886,0.27087642735478507,True
231,cloud000231.pcd,12.507078726645343,-2.373726783319224,0.0,0.20856687879547567,11.95000190119734,0.27044351484245693,True
232,cloud000232.pcd,12.611787855290718,-2.3763530807043165,0.0,0.20576908461935903,11.789700102959573,0.2715038069021024,True
233,cloud000233.pcd,12.654834102597345,-2.3879147391406548,0.0,0.24881537043929955,14.256070604156008,0.2721042191270841,True
234,cloud000234.pcd,12.742674278121594,-2.4095384697574,0.0,0.2769451413335692,15.867787755067601,0.27091141778880246,True
235,cloud000235.pcd,12.751270411105333,-2.3819212493710586,0.0,0.27946742596925195,16.012304019422917,0.269446733500774,True
236,cloud000236.pcd,12.775938778571913,-2.3943198106249013,0.0,0.27706506583359763,15.874658922779448,0.27130309879185444,True
237,cloud000237.pcd,12.69673639598133,-2.3829833977106194,0.0,0.2670352749980417,15.299994238503102,0.27061991240944494,True
238,cloud000238.pcd,12.720875084230052,-2.4020909838751088,0.0,0.2737575763901269,15.6851537368845,0.2710133373186013,True
239,cloud000239.pcd,12.67183199487199,-2.4048605558390896,0.0,0.2651226810652249,15.190410678230371,0.27094611196407253,True
240,cloud000240.pcd,12.74881526286818,-2.436068903848759,0.0,0.26583679890157674,15.231326616328346,0.27117446512754045,True
241,cloud000241.pcd,12.885099908415377,-2.4476983251594633,0.0,0.2679170025304592,15.350513504791108,0.27086749437563695,True
242,cloud000242.pcd,12.68633234039757,-2.4094685927701565,0.0,0.2637654725032116,15.11264835570799,0.26895681276597744,True
243,cloud000243.pcd,12.80640129999976,-2.4300450902125807,0.0,0.2754696753889365,15.783249783624866,0.2717142297812925,True
244,cloud000244.pcd,12.820104508377044,-2.442192820949532,0.0,0.3232555338358176,18.521177793040728,0.27128075219993314,True
245,cloud000245.pcd,12.870202518576424,-2.433975314189189,0.0,0.34220230688398445,19.606747924092907,0.2668730770654306,True
246,cloud000246.pcd,13.013388069313612,-2.4719803707047507,0.0,0.348954022185154,19.99359271532382,0.27138487226655933,True
247,cloud000247.pcd,12.951252519465578,-2.462162931382432,0.0,0.3463217362330096,19.842773839794372,0.2707030909512039,True
248,cloud000248.pcd,13.008888339724342,-2.4813797308190586,0.0,0.34281292415660464,19.641733716711833,0.2719290154800635,True
249,cloud000249.pcd,13.008888339724342,-2.4813797308190586,0.0,0.34281292415660464,19.641733716711833,0.27024621784043357,True
