scan_index,scan_file,x,y,z,yaw_rad,yaw_deg,prediction_confidence
0,cloud000000.pcd,-0.02705074344430524,-0.004870587658343892,0.0008497179735934474,-0.031085969576230815,-1.7810948587901059,0.0
1,cloud000005.pcd,-0.06591091427351745,-0.02776436427720494,0.00260163735237553,-0.04626132801825589,-2.650578850116367,0.0
2,cloud000010.pcd,-0.04264412103406146,-0.008592886207093468,0.011732341577686772,-0.09563276879833665,-5.479354035295076,0.20502971453756733
3,cloud000015.pcd,0.02740677502969322,-0.02975454154853557,0.014455419139448245,-0.17509061157729264,-10.031953075743298,0.27105857446676446
4,cloud000020.pcd,0.054628437667112534,-0.07218094812527134,0.016312628160840222,-0.28319793981495756,-16.226046718196965,0.27091913477324986
5,cloud000025.pcd,0.061255172575329496,-0.0674276593463098,0.021878070692169842,-0.3402740144265338,-19.496264904614076,0.2712167153230512
6,cloud000030.pcd,0.0036468997393836536,-0.037109612232544595,0.02743489488292344,-0.2710811214882106,-15.531804166947598,0.27126086624555723
7,cloud000035.pcd,-0.02438049043701563,-0.05097389907129213,0.030636889885699174,-0.33324033225925037,-19.093264601992303,0.2693950948217725
8,cloud000040.pcd,0.017278692995546234,-0.021510402573869342,0.030835451022602742,-0.38157101120003095,-21.86240852630084,0.2703661393816353
9,cloud000045.pcd,0.06351051433136179,-0.05179430332817841,0.04156926316191525,-0.42435563312675345,-24.31378679076492,0.2692705958998277
10,cloud000050.pcd,-0.0025272880368790024,-0.10769350271363888,0.03451670153684241,-0.5795760879732748,-33.20726374757155,0.2710414841435568
11,cloud000055.pcd,0.0006171011078180025,-0.10875944201608177,0.03817138182378546,-0.6298203190329099,-36.086046132168775,0.2717732813509171
12,cloud000060.pcd,0.03449967754433533,-0.17967900898703673,0.041652608350584,-0.6866442986592299,-39.341820339894284,0.2701601893748811
13,cloud000065.pcd,0.059174982128330784,-0.17889184508996087,0.04394543744784957,-0.7291260701131583,-41.775846550443724,0.270616514773441
14,cloud000070.pcd,0.01431899871865519,-0.11012656841002126,0.04399723951606776,-0.5994184039565118,-34.344144709176014,0.27149385863974523
15,cloud000075.pcd,0.011372115531295277,-0.1356148829769276,0.043373835289463904,-0.6281072115567313,-35.98789230393143,0.272008216290276
16,cloud000080.pcd,0.019040948417788542,-0.11683299377782082,0.04833220647666775,-0.6775735940148984,-38.82210724656437,0.27133167967091093
17,cloud000085.pcd,0.05364870051899468,-0.14432918539223746,0.04778353903619456,-0.7773988838590301,-44.54167504330328,0.27121501677377235
18,cloud000090.pcd,-0.06598978230743305,-0.10411360719878435,0.04787504936431804,-0.8610591070826235,-49.33505274713753,0.27136128535300014
19,cloud000095.pcd,-0.07218950027732342,-0.10643189459168642,0.05214170831995701,-0.9317971908721278,-53.38804639911891,0.2714049736707445
20,cloud000100.pcd,-0.02086040401279788,-0.1170039573647302,0.0583701430739682,-0.97465237147185,-55.843467377753925,0.27149807184932084
21,cloud000105.pcd,0.03525941784212844,-0.18243342607570115,0.06843655362183097,-1.0664346582906095,-61.10220504652805,0.27074175320913935
22,cloud000110.pcd,0.06106165390765913,-0.17521617071062623,0.07557353980625363,-1.0975840838288682,-62.8869356641273,0.27095659582613746
23,cloud000115.pcd,0.11160618025041796,-0.24512072644835872,0.073797271836275,-1.1501184939043476,-65.89693564066182,0.2714027578038981
24,cloud000120.pcd,0.1911071032022012,-0.3684609882425084,0.07272060878656939,-1.0948625807913754,-62.73100502614693,0.27067344186250397
25,cloud000125.pcd,0.2979648221149567,-0.5458283049485821,0.08757823293306,-1.1078431370295139,-63.47473611432447,0.2724270326608652
26,cloud000130.pcd,0.4151692348570776,-0.6662980730778822,0.08910030806630226,-1.1521212051369727,-66.01168254187468,0.2699421371172718
27,cloud000135.pcd,0.48372271796511945,-0.757494076603136,0.09326686079215774,-1.1884010797836944,-68.09036624039551,0.2715929908985231
28,cloud000140.pcd,0.5198613255841059,-0.9113425367844081,0.1016428383338897,-1.2533759227328458,-71.81315051590724,0.2717568063776973
29,cloud000145.pcd,0.5467255864282358,-1.1160344666608253,0.10777957866652434,-1.2949151951684563,-74.19317551051184,0.27174816903280713
30,cloud000150.pcd,0.5818316945687966,-1.2275315331695806,0.11899845626616273,-1.3275303692359097,-76.06188733266144,0.27159135358232006
31,cloud000155.pcd,0.5357973442818054,-1.2396216771810664,0.12298005755210335,-1.3693095861747757,-78.45566013461995,0.2712757627660053
32,cloud000160.pcd,0.49936327698008554,-1.210741384127001,0.1286034183820216,-1.2256170459331832,-70.22268403126296,0.269731818705302
33,cloud000165.pcd,0.5410121108729706,-1.2392287719404331,0.13307512676795377,-1.2485648123911264,-71.53749419855497,0.270531222146395
34,cloud000170.pcd,0.46734786334829026,-1.2772859602717184,0.13936616435642527,-1.2532065578796519,-71.80344662462137,0.27075259230598486
35,cloud000175.pcd,0.5267676776943796,-1.2986425028135797,0.13425050036950903,-1.1583349106568395,-66.36770164330018,0.2717504714604521
36,cloud000180.pcd,0.5024536290941425,-1.303876572061168,0.13885118164958846,-1.1751036698322141,-67.32848077172044,0.2705805132138293
37,cloud000185.pcd,0.5168836610948556,-1.3972463696549344,0.1402161452514543,-1.2438091537306286,-71.26501502850361,0.26898802278104955
38,cloud000190.pcd,0.5223983626919103,-1.4493495110988102,0.13789222187602646,-1.3491173989210994,-77.29873302584643,0.2703045142509916
39,cloud000195.pcd,0.4922961238119148,-1.5933817208419492,0.1434400854268675,-1.4207382389705703,-81.40230488586266,0.2704691604724459
40,cloud000200.pcd,0.4603443905675809,-1.534565736042148,0.14855793046377236,-1.470712987474975,-84.26564705739277,0.2696636330946944
41,cloud000205.pcd,0.5074970753318679,-1.4947595766206454,0.14919894221009475,-1.449737979643196,-83.06386763337798,0.26896212296610406
42,cloud000210.pcd,0.47825101523989594,-1.495406068279958,0.14621110716218888,-1.364588530155239,-78.18516354985566,0.2711992386530235
43,cloud000215.pcd,0.40463089028734434,-1.5084920548247795,0.14367859553832008,-1.3674061171156229,-78.34659939109676,0.2706924149082297
44,cloud000220.pcd,0.3767710479315374,-1.449492188602022,0.16096019695313155,-1.340251104087184,-76.79073175194445,0.2687577460877144
45,cloud000225.pcd,0.36038380428213534,-1.4478230889231596,0.1641227079645901,-1.3065473927107867,-74.85965133614981,0.2703170779980707
46,cloud000230.pcd,0.2903135662552394,-1.5201621853663183,0.17206551991337884,-1.3595676029006443,-77.89748560892518,0.27087874241826404
47,cloud000235.pcd,0.18655870421312418,-1.445686800448111,0.18496401218387376,-1.435712326597213,-82.26025690892835,0.2697186221329881
48,cloud000240.pcd,0.27129420514318187,-1.805555919885772,0.16316242380190077,-1.305805174036296,-74.8171253386257,0.26951662553928013
49,cloud000245.pcd,0.33507725037059866,-1.9389938803735074,0.1697349464600087,-1.282163961248485,-73.46258362331342,0.27102199777169206
50,cloud000250.pcd,0.32740570969783456,-1.905056170452142,0.17645365662705542,-1.3533050387170644,-77.53866711227626,0.2694869206628302
51,cloud000255.pcd,0.311975901182726,-1.9132710659175878,0.17665932669912762,-1.2291695289333395,-70.42622631396388,0.2705296236876749
52,cloud000260.pcd,0.3196733836803467,-1.888830785606451,0.17773173974688286,-1.1552576576149804,-66.19138803150787,0.26870632235042197
53,cloud000265.pcd,0.2929365438750183,-1.990666434315441,0.17880634846358703,-1.2582289148974481,-72.09120648494901,0.26961135586670276
54,cloud000270.pcd,0.18558746037146392,-1.9970843580447446,0.18993697676930354,-1.2886601221639928,-73.83478622680987,0.27109851164909216
55,cloud000275.pcd,0.0971617385084228,-2.018540733890469,0.19207261838287812,-1.3246141855541502,-75.89480231541171,0.27021292968284005
56,cloud000280.pcd,0.12110021012321917,-2.040848626964483,0.1834243553539424,-1.207056306652715,-69.15923200584943,0.27092405285040383
57,cloud000285.pcd,0.056817857223407306,-2.0193921917958537,0.19558157433343165,-1.2138363249554547,-69.54769843961788,0.27080907054574477
58,cloud000290.pcd,0.11754198240714624,-2.089106987644909,0.189734858557428,-1.0379631970371657,-59.470910480135466,0.2707036656850153
59,cloud000295.pcd,0.10799965275133867,-2.089875987919679,0.1914333034005099,-0.9667739394907067,-55.39206647605352,0.271280901029901
60,cloud000300.pcd,0.021498258797420317,-2.1154027306838907,0.19625914563622363,-1.0190491137394888,-58.3872133338197,0.27104339242288994
61,cloud000305.pcd,0.033675353201904595,-2.080138043500797,0.1964863755093487,-0.9298348361730927,-53.27561175695654,0.2712945808715676
62,cloud000310.pcd,0.14620698937275112,-2.146890142922296,0.2019499097788179,-0.9718627998487764,-55.68363669710235,0.2701685034533155
63,cloud000315.pcd,0.16498758972886196,-2.2234646660383914,0.20807731350261857,-1.067329472710922,-61.1534741362594,0.2713637557488081
64,cloud000320.pcd,0.24294544931062984,-2.35744020906975,0.21394362523755173,-1.071436357109251,-61.38878127923177,0.2709618285617942
65,cloud000325.pcd,0.32182444355967516,-2.3231646712579477,0.22013876454247705,-1.225501747746752,-70.21607793179494,0.2695288585295977
66,cloud000330.pcd,0.35979942334460446,-2.4497102240053765,0.21301874453061534,-1.2485174886381496,-71.53478274723868,0.2722749336740276
67,cloud000335.pcd,0.4365843552127405,-2.713246715494023,0.20100258210956395,-1.0940470483440004,-62.68427845885636,0.27180603851566637
68,cloud000340.pcd,0.5228692586506616,-2.7332197545632466,0.20675753882619408,-1.192566104501425,-68.32900457828914,0.268721222939469
69,cloud000345.pcd,0.5681603052000112,-2.771723294055127,0.20418249055624418,-1.2577094575370908,-72.06144377056353,0.2699374508871904
70,cloud000350.pcd,0.6510586228156692,-2.8728165839721553,0.19849272781098537,-1.3206036113948785,-75.66501334266121,0.2700336525982195
71,cloud000355.pcd,0.7250822557836925,-2.9261553436295404,0.1956973792750033,-1.3612589867220881,-77.99439476343062,0.26933313135262804
72,cloud000360.pcd,0.7532394995791731,-3.0405604466029157,0.18249427780001976,-1.4221038559828607,-81.48054897709817,0.2675571893970678
73,cloud000365.pcd,0.8465315280793388,-2.994430020408415,0.1960017761424827,-1.5161793900731535,-86.87068003591104,0.27089231434899647
74,cloud000370.pcd,0.8371840681370258,-2.9455755652680793,0.19841636250614966,-1.5983506116141017,-91.57874422764185,0.27149285351983005
75,cloud000375.pcd,0.7075354696995019,-3.0306891827482767,0.19146109684295176,-1.557497690416272,-89.23804426222567,0.2689052688263893
76,cloud000380.pcd,0.604616370676639,-3.126387244608039,0.19169098719442407,-1.5142739577888622,-86.76150680787318,0.2698582555619706
77,cloud000385.pcd,0.6266050365659442,-3.0536098057883927,0.19453821910911592,-1.685345031149315,-96.5631573082,0.27000603474744395
78,cloud000390.pcd,0.5795619098565863,-3.031458823711318,0.19683529466527866,-1.7391393808118027,-99.64534650551157,0.2697995716182064
79,cloud000395.pcd,0.536714299251944,-3.0070165694576607,0.20248245832562936,-1.852044669962724,-106.11434305856355,0.27003552128609554
80,cloud000400.pcd,0.5259444619231771,-3.006359113342516,0.20343155640759739,-1.9186572011402871,-109.93095995772154,0.26993831747032804
81,cloud000405.pcd,0.4838995464352615,-3.074612240584627,0.20705217562559206,-1.9407228112515686,-111.19522628947915,0.2710635386747124
82,cloud000410.pcd,0.5165961669901789,-3.031675738574326,0.2094545932263849,-2.027773465812441,-116.18286139966838,0.2696442294104833
83,cloud000415.pcd,0.5167871366352954,-2.9694994787664,0.21643028423756389,-2.099503162855647,-120.29267030599613,0.26953509309595386
84,cloud000420.pcd,0.49450115942546313,-3.0197413756093425,0.21478091305013494,-2.1490075065757583,-123.12906026872346,0.2708214882502732
85,cloud000425.pcd,0.41726948891837895,-3.0960333777416533,0.22121845669910808,-2.174380769266671,-124.58284113338951,0.2713101153561815
86,cloud000430.pcd,0.3385432784171023,-3.225602646462839,0.22188340060241277,-2.1873318514314724,-125.32488348155978,0.2709678248738979
87,cloud000435.pcd,0.27224975560133086,-3.3406404474609737,0.2314780535311107,-2.2102787368238817,-126.63964316751523,0.27113423434565753
88,cloud000440.pcd,0.16961529661393188,-3.4208140712099193,0.22941539688883425,-2.2233018308101498,-127.3858114891306,0.27067243916949896
89,cloud000445.pcd,0.1279287778935053,-3.3674697731154986,0.23175681535319329,-2.3321681057506276,-133.62338957453082,0.2712458411070411
90,cloud000450.pcd,0.1444361387349211,-3.2632867798005822,0.24300342683605441,-2.3250180437246635,-133.21372119718632,0.27190667591255685
91,cloud000455.pcd,0.1300707539587875,-3.415420497502092,0.2361011799361484,-2.255999258664663,-129.2592361061277,0.27155363498667073
92,cloud000460.pcd,0.1829726198561819,-3.2510582962545578,0.2541353749873876,-2.2263228944277484,-127.55890568405952,0.2712877438314304
93,cloud000465.pcd,0.11085328838780614,-3.282216339071179,0.2534497203823609,-2.1260153581886394,-121.81170720420302,0.26901499131297696
94,cloud000470.pcd,0.1664404161051686,-3.283825128085728,0.251677223080723,-2.111810477405584,-120.99782748684747,0.27185165034297304
95,cloud000475.pcd,0.12226078859254383,-3.1773986304905275,0.2554917696333974,-2.139532033452554,-122.58615564987421,0.270490740497057
96,cloud000480.pcd,0.0937878042666852,-3.232525246181167,0.24506362219343159,-2.1565621773279533,-123.56191101843515,0.27050469502505164
97,cloud000485.pcd,0.0023215180132315216,-3.3826354694228034,0.24502367525398375,-2.158365048026645,-123.665207900478,0.2685898596984733
98,cloud000490.pcd,-0.05598415625869162,-3.4969705767488297,0.25371636563040656,-2.191511153938582,-125.56433987652561,0.26926072359995096
99,cloud000495.pcd,-0.14659660365000216,-3.577977283939969,0.25082848678656355,-2.167307700962517,-124.17758417135373,0.2697634248210093
100,cloud000500.pcd,-0.18147385902570784,-3.634715512853958,0.2569911026635799,-2.1845452989533087,-125.16522578516928,0.2696537708256198
101,cloud000505.pcd,0.0232075160349354,-3.326588771462162,0.28015800934673174,-2.274163552766437,-130.29997349599373,0.2682093361426777
102,cloud000510.pcd,0.017912826271318738,-3.326244535962318,0.2817370945273085,-2.2477003173191443,-128.78374179260285,0.26912282165520346
103,cloud000515.pcd,0.030157323872888588,-3.3292444574149616,0.28579941905894923,-2.215659745279085,-126.9479522415226,0.26799043847565346
104,cloud000520.pcd,-0.14357063561258662,-3.9091941300712065,0.263945020368249,-2.2204199868272174,-127.22069399169341,0.2679056328632075
105,cloud000525.pcd,-0.09392220160217368,-3.971047795631924,0.2592477020158247,-2.2480182036588783,-128.80195533823448,0.2689878312114082
106,cloud000530.pcd,-0.11400361140393139,-4.020122481658775,0.26256971438064486,-2.2919730531950346,-131.3203827057888,0.2681550853572752
107,cloud000535.pcd,-0.041244666075543945,-4.0069608305201685,0.26440237555352086,-2.280563570351571,-130.66666749243143,0.2630008315628271
108,cloud000540.pcd,-0.13850844649588165,-4.1357738278759895,0.25733619814060416,-2.2261294497713595,-127.54782212167909,0.26750926231306893
109,cloud000545.pcd,-0.15032495981436805,-4.134806509722078,0.25592217605636886,-2.1591577308710104,-123.71062528195255,0.27035532374096694
110,cloud000550.pcd,-0.1382114460251119,-4.100426851129505,0.25060591425407724,-2.127677828746985,-121.90695975076099,0.2703360833453925
111,cloud000555.pcd,-0.0796964307522845,-4.082487531887113,0.2534178427750831,-2.10055007043265,-120.35265369169866,0.2705654857222636
112,cloud000560.pcd,-0.07319706190079497,-4.011722015205934,0.2604073316725587,-1.988735001342961,-113.94612214689577,0.2703084501279969
113,cloud000565.pcd,-0.13822446916084546,-4.1175121789790685,0.2610300692898051,-1.9834558327862588,-113.64364806925856,0.27056237899875
114,cloud000570.pcd,0.03679859988303444,-3.9939634832811466,0.26952740399107267,-2.006494621589018,-114.96367343274993,0.27065276822340734
115,cloud000575.pcd,0.17334179210558037,-4.085423225772009,0.2711841205017458,-2.0748210919284364,-118.87849181222441,0.2697460362050295
116,cloud000580.pcd,0.21380230065508474,-4.181808092530284,0.271100338440099,-2.132829186351056,-122.20211080023688,0.2708363085599804
117,cloud000585.pcd,0.1665365126834324,-4.282607028861385,0.26660540624071727,-2.20707463969461,-126.45606192485799,0.2716362343143927
118,cloud000590.pcd,0.03168442846484462,-4.436706052302642,0.2573364039026742,-2.2193628822827995,-127.16012636279416,0.27143232530776634
119,cloud000595.pcd,0.09786626213981094,-4.47217954540722,0.25848241304483577,-2.2251170186967455,-127.4898140940558,0.27146923919982197
120,cloud000600.pcd,0.003295825648368403,-4.6202070774918775,0.2572891501143578,-2.2847191524890693,-130.90476481033002,0.2683780680658491
121,cloud000605.pcd,-0.06998604035187397,-4.7504500912590215,0.25024828858095144,-2.301766248710864,-131.8814914767923,0.26718432121865504
122,cloud000610.pcd,-0.1006512104158855,-4.917517083115262,0.2458978938559331,-2.4263519504783413,-139.01972637574428,0.26832317239796316
123,cloud000615.pcd,-0.07427929846767299,-4.956149257502837,0.24432541688248785,-2.4509132870203914,-140.4269872988042,0.2676479013841388
124,cloud000620.pcd,-0.143783499396126,-4.970663089655915,0.24101423078062317,-2.511032353235574,-143.8715560612017,0.26686779604454985
125,cloud000625.pcd,-0.07868899020984374,-4.949080447567294,0.2409571513609282,-2.573244646611326,-147.43605790546198,0.2668793593531575
126,cloud000630.pcd,-0.05976642732933259,-4.97837866910056,0.24310744457241346,-2.693928420121992,-154.35072878333585,0.26504994830575346
127,cloud000635.pcd,-0.04452740680518788,-4.977761003813527,0.24489842856630298,-2.749880376262781,-157.55653972570417,0.2680437139024089
128,cloud000640.pcd,0.043617532699833234,-4.934506695419002,0.25303895342531646,-2.8017246510394234,-160.5269978623223,0.26812693223238937
129,cloud000645.pcd,0.013442080514585265,-4.940185896747338,0.26153250144668194,-2.863111805098126,-164.04422270620535,0.26904772326327847
130,cloud000650.pcd,-0.007077147699032043,-4.944657978585507,0.26484900642446735,-2.9659846159085794,-169.93840059229214,0.26620901351105986
131,cloud000655.pcd,0.026420821248840192,-4.929817262341496,0.2780508358273391,-3.087131205666516,-176.8795888878247,0.26930406178562627
132,cloud000660.pcd,0.07117282555033082,-4.92021558491564,0.27386267961754385,3.116551268074859,178.56523429683423,0.27046303606467353
133,cloud000665.pcd,0.11474536241349545,-4.931555831569352,0.27556553069005985,3.0392203955403554,174.13450167454306,0.24272772073267646
134,cloud000670.pcd,0.06779567202014938,-4.936099787883226,0.2726158660518136,3.0290844732950806,173.55375610841602,0.24087365044809061
135,cloud000675.pcd,-0.07904007114547598,-4.98922537292487,0.26501298497905734,3.029036015471007,173.55097967961225,0.23979315714909752
136,cloud000680.pcd,-0.5934827425485494,-5.056215044672787,0.25527512119185275,3.033752865320367,173.82123526857748,0.24178361426817807
137,cloud000685.pcd,-0.7869103748250517,-5.0451737082271,0.25604748290738427,3.071313523828797,175.97330247684266,0.27026374304423884
138,cloud000690.pcd,-0.8483282874574112,-5.025051459725679,0.25421636768925715,3.0508234712683984,174.7993089431306,0.2685252540336071
139,cloud000695.pcd,-1.2311546251292174,-5.060305552668581,0.24732023287631733,3.0066531218758294,172.26853434331815,0.2706843445899903
140,cloud000700.pcd,-1.3688937857475816,-5.040195038090807,0.2416260896044985,2.996092645640595,171.66346362539102,0.2697621085432695
141,cloud000705.pcd,-1.209281439362953,-5.016045150449592,0.24153074751004933,2.936480906802825,168.2479625805507,0.2713126619090311
142,cloud000710.pcd,-1.2302714677323283,-5.028325928294589,0.2420221590365143,2.882152428410334,165.13517006129328,0.26995169112608536
143,cloud000715.pcd,-1.2847842529129372,-5.029131949465482,0.24090623606636005,2.8285736560124084,162.06533253140012,0.2675162622965322
144,cloud000720.pcd,-1.1995844431190288,-5.0263717564820904,0.23957874077868813,2.774188500842485,158.94929267199942,0.2670581862024522
145,cloud000725.pcd,-1.0966628287819293,-5.0233368986198395,0.24095280088160875,2.688204275869934,154.02275947636886,0.26663447673379015
146,cloud000730.pcd,-0.9513372985868258,-5.037041842788082,0.24888599947675458,2.6060449795640284,149.3153785502757,0.26843024100953344
147,cloud000735.pcd,-0.9521990411638043,-5.058420634936329,0.250556769661735,2.5077130356267086,143.68137317135026,0.2673238737880518
148,cloud000740.pcd,-0.9133834136075798,-5.050615008577765,0.25346860061859294,2.4486744516039627,140.29871147841843,0.2702361414332064
149,cloud000745.pcd,-0.7969264748708245,-5.052037161805884,0.2591045517309453,2.367948779854925,135.6734711888401,0.26854155976673305
150,cloud000750.pcd,-0.7320933854183114,-5.042742781680825,0.2626861470782681,2.316843837656112,132.7453736885881,0.2703475094325051
151,cloud000755.pcd,-0.7779101213090577,-5.030914705751201,0.26725645351046345,2.253026486989782,129.08890883570098,0.2687844396665449
152,cloud000760.pcd,-0.745970955972651,-5.029277800200529,0.2760352065734193,2.207527828545043,126.48202773331019,0.2672395283911751
153,cloud000765.pcd,-0.7887268645849889,-4.991067663655253,0.273902607028911,2.2007685996071253,126.09475244240481,0.26868447187487765
154,cloud000770.pcd,-0.861707419206832,-4.873727010466787,0.29800089805830227,2.1997480448608115,126.03627896267898,0.26733019130389485
155,cloud000775.pcd,-0.9794974175109927,-4.740122747383112,0.29738724950692985,2.1907508957097708,125.52078028867463,0.2698250717646142
156,cloud000780.pcd,-1.2669485005531107,-4.597341162241294,0.3017707311629158,2.2053323330978083,126.35623511024345,0.2689351721347673
157,cloud000785.pcd,-1.4606743589547708,-4.466899847484354,0.3116600942473349,2.191179425795733,125.54533325399464,0.26886641442843245
158,cloud000790.pcd,-1.5335185911155473,-4.348435751461283,0.3206598570088092,2.1892405436986744,125.43424349285971,0.26786344838307075
159,cloud000795.pcd,-1.5752094518382922,-4.261072758379229,0.3271278576086104,2.152962235050472,123.35564951944477,0.26961573211896067
160,cloud000800.pcd,-1.5197040137355489,-4.169944896360148,0.3406307858585488,2.1250234673569643,121.75487604581032,0.2709150310119794
161,cloud000805.pcd,-1.6440252012700387,-4.055923363395661,0.33734596930663546,2.1234802405289095,121.66645566173142,0.2693637183296684
162,cloud000810.pcd,-1.834615222107277,-3.8997429765918312,0.3486458869115829,2.0740733473839916,118.83564920567379,0.2715736281783833
163,cloud000815.pcd,-1.9440966932802357,-3.7563131010308446,0.3634486489806008,2.0486006137337363,117.37616907485328,0.26996509205442015
164,cloud000820.pcd,-2.1192187341483244,-3.576846362677923,0.36782315428125056,2.0469364984433325,117.28082229208995,0.27069821799689914
165,cloud000825.pcd,-2.225470287308101,-3.49051085043763,0.3790171986221493,2.055761002195717,117.78642911339894,0.26975589201204125
166,cloud000830.pcd,-2.198867839765736,-3.4738752998394067,0.37139922246152635,2.0877183606409786,119.6174508766992,0.2711907617215004
167,cloud000835.pcd,-2.230095605550068,-3.490164311896344,0.38119524866404236,2.172387366610697,124.46862757433203,0.2690962987808066
168,cloud000840.pcd,-2.250725062575044,-3.4916470253219725,0.3773868323884858,2.2273158373709965,127.61579712400494,0.267099147235505
169,cloud000845.pcd,-2.2878757123368367,-3.4961942305493983,0.37395867690382456,2.3188024465735713,132.85759371327518,0.26836698059625236
170,cloud000850.pcd,-2.2229174571486516,-3.473765379486767,0.38021274830663554,2.3579257842457784,135.09919584235783,0.2672396973345784
171,cloud000855.pcd,-2.3285007383625635,-3.4547612635088214,0.37088716954046214,2.4442230688754756,140.04366603507867,0.2699098321299839
172,cloud000860.pcd,-2.2011903874454197,-3.4707919015574973,0.39084835209465646,2.5045257396329172,143.49875456284704,0.2712216286991447
173,cloud000865.pcd,-2.1266860139444828,-3.471240328667238,0.3891964006606386,2.546235507470249,145.8885482243967,0.26722404650371173
174,cloud000870.pcd,-2.1231873040328564,-3.471130868435715,0.3977786151379933,2.6076472740113155,149.4071832596425,0.2684675203361417
175,cloud000875.pcd,-2.0864804681033076,-3.4702163932351473,0.4034197934750868,2.644835039090202,151.53788524818665,0.2693808624378808
176,cloud000880.pcd,-2.1775366835724044,-3.4545304675239206,0.40613916758365304,2.737451260661779,156.84440385868652,0.2662059449483636
177,cloud000885.pcd,-2.2966306309131737,-3.455446974041103,0.3964346645356475,2.777239693376231,159.1241131266649,0.26972754372170604
178,cloud000890.pcd,-2.5225744424322873,-3.4464527306644026,0.3966623071797636,2.8191316652074185,161.52434630807286,0.26954895287910424
179,cloud000895.pcd,-2.6434454698633276,-3.4241439364350863,0.3963678725163008,2.859248225867855,163.82285592249644,0.2684715158739465
180,cloud000900.pcd,-2.7907748816367155,-3.384511024533954,0.39429526992233843,2.839697538639959,162.70268405775766,0.27072932771702024
181,cloud000905.pcd,-2.8795656331258583,-3.367261970656542,0.3866706225773906,2.8128655579094852,161.16532480592517,0.27138921287010287
182,cloud000910.pcd,-2.9827142145540577,-3.3970957672797453,0.38132615139273135,2.7678041487004106,158.58349623933324,0.27050282953102983
183,cloud000915.pcd,-3.0481211112467372,-3.4125409116759924,0.3774720930044094,2.7400435579633897,156.992931553312,0.2709261695059457
184,cloud000920.pcd,-3.2164106402910773,-3.392643256005276,0.35134366653439303,2.6945569142941324,154.38673884684806,0.27083030244734513
185,cloud000925.pcd,-3.2407394795282185,-3.376421560137774,0.36792370017283604,2.6655040747003302,152.72213375525263,0.2693996215910894
186,cloud000930.pcd,-3.410161382169238,-3.3108337022835097,0.36188365059217154,2.6652392494280184,152.70696038484076,0.26910354663111197
187,cloud000935.pcd,-3.3870274342100632,-3.3386733651556804,0.38191892690066387,2.6434093879135503,151.45620145270667,0.2659376523833164
188,cloud000940.pcd,-3.615686704346704,-3.2380228312307953,0.3639970883362915,2.6211244318808165,150.17936752539643,0.2643196097043733
189,cloud000945.pcd,-3.8171096313903017,-3.1463193934642737,0.3579336004453329,2.6143690433284705,149.79231227237602,0.2633957569100377
190,cloud000950.pcd,-4.071311801990359,-3.022313893381649,0.31510262242321013,2.5907156659573203,148.43707357777885,0.2669293815886376
191,cloud000955.pcd,-4.224422033063189,-2.9467860204530902,0.3144085885685089,2.5788912424826087,147.75958401750248,0.2665683133348514
192,cloud000960.pcd,-4.216425282761095,-2.904237640834501,0.32079056365576947,2.573415068168656,147.44582234143502,0.2702873733841867
193,cloud000965.pcd,-4.465077055105905,-2.790947170613415,0.2853157250869285,2.5185846535563208,144.3042709951958,0.26327750226362384
194,cloud000970.pcd,-4.740522585470674,-2.6412906652517627,0.2632179494579515,2.490052111846593,142.6694767764474,0.2670146181125688
195,cloud000975.pcd,-4.770813077419195,-2.6192168854757827,0.24708789128223652,2.459587363253755,140.92397525815068,0.26702423003211484
196,cloud000980.pcd,-4.853400244031452,-2.543690028173453,0.22853518638224982,2.456567173680245,140.75093114225913,0.2680486611671215
197,cloud000985.pcd,-5.265633884971682,-2.2755932654655555,0.18036043873164748,2.492058600988787,142.78444013593392,0.2622450858037307
198,cloud000990.pcd,-5.662271912185033,-1.9862509960038446,0.1163627783728466,2.4837917986304765,142.31078725073394,0.24435432657171305
199,cloud000995.pcd,-5.499541394477129,-2.0572396369971364,0.12935518366034615,2.479698867517661,142.07627957213185,0.2633316027088634
200,cloud001000.pcd,-5.581621063691287,-2.0113546750116407,0.12347630770102726,2.5071914744278705,143.65148991589905,0.2549747930795202
201,cloud001005.pcd,-5.92884088802566,-1.8106568780510772,0.10406018230974731,2.4998102736404366,143.22857826304045,0.2588344895225919
202,cloud001010.pcd,-5.749520993273999,-1.8538006251702792,0.08225087170489581,2.5032526174170684,143.42581003307458,0.2597016354636553
203,cloud001015.pcd,-5.963799454624314,-1.730324344815537,0.08390300054315179,2.5287935866373608,144.88919977407087,0.2658026770262768
204,cloud001020.pcd,-5.96000466784622,-1.7689639727232647,0.09552785128316757,2.584486835448372,148.08018787831378,0.2679442577477889
205,cloud001025.pcd,-5.803965414372835,-1.747232612832009,0.06883461616276171,2.5949718462752203,148.6809347468412,0.2674628537842939
206,cloud001030.pcd,-5.903592291158091,-1.6772899871611109,0.056810420090587274,2.6006533214131915,149.00645929365544,0.265794149593866
207,cloud001035.pcd,-6.022455889217855,-1.588499710919922,0.035614649667870785,2.5783907338971987,147.7309069879484,0.2639333376931056
208,cloud001040.pcd,-6.325927176059756,-1.482992985054029,0.038822477399097395,2.596777427355227,148.78438692229423,0.26646899170287214
209,cloud001045.pcd,-6.497428959316249,-1.4024291899232662,0.028494216503004696,2.623601058699582,150.3212677895406,0.26804052550345664
210,cloud001050.pcd,-6.659216405509163,-1.2977178036175598,0.01776311309286041,2.634919459717228,150.96976439868828,0.26746225361920684
211,cloud001055.pcd,-6.797064835172021,-1.2897825863445893,0.05061454036875945,2.64906409157917,151.78019210714385,0.2673990001552707
212,cloud001060.pcd,-6.973152507741797,-1.2292825958082902,0.06395314959132761,2.6507001430085486,151.87393094911357,0.268941891974851
213,cloud001065.pcd,-7.210115909790499,-1.1043233887709571,0.05051939500516464,2.6429604283851065,151.43047796655466,0.27053970094652063
214,cloud001070.pcd,-7.396818971776879,-1.0679620036644766,0.07770795408197088,2.6609809066369925,152.46297531519502,0.2700835872372028
215,cloud001075.pcd,-7.943931075078217,-0.7385856876683752,0.0323637436578217,2.6067352981671883,149.35493089275613,0.2696645492063629
216,cloud001080.pcd,-8.096739829094382,-0.6996077622197437,0.05530177666376826,2.628430551453511,150.59797734152974,0.2688336920641044
217,cloud001085.pcd,-8.263939634727429,-0.6077850254188776,0.044036012651155,2.6269837357911867,150.51508091034515,0.2700158367628361
218,cloud001090.pcd,-8.404595812585653,-0.5457972000613494,0.03667004918367256,2.640251717096855,151.2752802418184,0.2702048629838637
219,cloud001095.pcd,-8.374385239907864,-0.5474440149668213,0.006783646473866006,2.6245163190698397,150.37370834591195,0.26847586712010724
220,cloud001100.pcd,-8.493468626661983,-0.5377344712933548,0.03806908643395635,2.6233739291846745,150.30825422693354,0.2701126165042974
221,cloud001105.pcd,-8.54181999312254,-0.5174351898425432,0.021029138841205424,2.6189237695060807,150.05327885919084,0.2686044501669292
222,cloud001110.pcd,-8.628429427684297,-0.4521075425710488,0.02673420621432214,2.6286171305658046,150.60866753720947,0.26990057819016433
223,cloud001115.pcd,-8.565597890545957,-0.5301406752080753,0.05086385192393854,2.6240775711656372,150.34856994273093,0.2707978053714874
224,cloud001120.pcd,-8.36610409946618,-0.629247284772256,0.032727672385278676,2.6114144317570167,149.6230254992312,0.27029713843258535
225,cloud001125.pcd,-8.303600653172257,-0.6713915464609568,0.03784649880923559,2.612839236716999,149.70466081006748,0.26971089022140926
226,cloud001130.pcd,-8.324208493538801,-0.6965469077191804,0.05287411582263519,2.608859492219196,149.47663824680296,0.270158614744989
227,cloud001135.pcd,-8.357837113033247,-0.6834773612837504,0.05724809400001203,2.605253325237672,149.2700200985422,0.2701407925523906
228,cloud001140.pcd,-8.171158174779313,-0.7639067023407948,0.026621680362913794,2.599482539290872,148.93937841931717,0.2697408501311607
229,cloud001145.pcd,-7.9777033308596845,-0.9017754626948749,0.05104141057235877,2.5730789845241118,147.42656616703928,0.26958940242832125
230,cloud001150.pcd,-7.86544524338693,-0.9483209315840446,0.04319814413664128,2.5782563890679535,147.72320959623326,0.2699655996557108
231,cloud001155.pcd,-7.827467849211525,-1.012229471801002,0.0735122730726699,2.5669764410903566,147.07691618398982,0.2702068125970939
232,cloud001160.pcd,-7.605897799632125,-1.162672922872576,0.11559992604812258,2.5834754435123592,148.0222393889467,0.2659799455071033
233,cloud001165.pcd,-7.64519303726625,-1.1598681787305505,0.1204302242519977,2.5896310190740444,148.37492788910512,0.26991192437858064
234,cloud001170.pcd,-7.747788611501474,-1.0851065950281873,0.1276782973615772,2.587001554497204,148.22427066647302,0.26888190303686776
235,cloud001175.pcd,-7.731738435216912,-1.0855686009474514,0.132033459874256,2.592040628509049,148.51298834000582,0.2697243880446692
236,cloud001180.pcd,-7.574351516114277,-1.2387916818797595,0.20844227660162518,2.6098216759670563,149.53176731467144,0.26769600333216
237,cloud001185.pcd,-7.626111629323602,-1.208514822847951,0.20389456241233253,2.615321569935944,149.84688802685815,0.2692645926166836
238,cloud001190.pcd,-7.52258095888821,-1.2807266297217912,0.20787980256453456,2.6109180042270017,149.59458229692723,0.2683376636024856
239,cloud001195.pcd,-7.420251492440777,-1.3898243397913184,0.26089638842285845,2.6070259515717913,149.371584106141,0.2690685406377549
240,cloud001200.pcd,-7.561707174429941,-1.324998857210185,0.2697077592397784,2.5984573473236625,148.88063924640534,0.2686929601079571
241,cloud001205.pcd,-7.693278388401719,-1.2649664921097252,0.2825272850138686,2.5998235354524173,148.95891606020388,0.26916770559742714
242,cloud001210.pcd,-7.840890583123726,-1.1857635749547255,0.2850491225469629,2.5929387417529615,148.56444643840678,0.27104883124309015
243,cloud001215.pcd,-7.9697085447980305,-1.1626398127036524,0.3648545925257781,2.610272658836655,149.55760672973216,0.2710406347861639
244,cloud001220.pcd,-8.082130982656972,-1.0849557456816112,0.3175950608787826,2.6019008280659186,149.07793615977118,0.2716940773717865
245,cloud001225.pcd,-8.057260547594085,-1.0898708535562762,0.3093268161086294,2.588798507810643,148.32722850731514,0.27151517761905153
246,cloud001230.pcd,-8.174347186347221,-1.011328046601936,0.3071664204987324,2.597463800110939,148.8237131843693,0.27023476123186807
247,cloud001235.pcd,-8.18977388471663,-0.9797713121831207,0.28843064451583095,2.5991430001449185,148.91992425927455,0.27011462476023496
248,cloud001240.pcd,-8.084386545816765,-1.006976528428965,0.2768539304129827,2.608366941182907,149.4484171512288,0.269503663084736
249,cloud001245.pcd,-8.084386545816765,-1.006976528428965,0.2768539304129827,2.608366941182907,149.4484171512288,0.2684841402359622
