scan_index,scan_file,x,y,z,yaw_rad,yaw_deg,prediction_confidence,prediction_error,z_redistributed,vx,vy,vz,vyaw,pose_uncertainty,velocity_uncertainty,innovation_x,innovation_y,innovation_z,innovation_yaw,innovation_magnitude
0,cloud000000.pcd,0.013805268424509963,0.021292832918283225,0.0,-0.04147406097557478,-2.3762886531686647,0.1,0.04863227977312941,True,0.0,0.0,0.0,0.0,0.006540032834313304,40.0,0.01380827764085797,0.0212974742435326,0.0,-0.04148310132296016,0.04863227977312941
1,cloud000005.pcd,0.03824184982102728,0.03579828182005821,0.0,-0.04119403023479347,-2.3602440735879733,0.1,0.05411182767460893,True,0.0,0.0,0.0,0.0,0.003105285760698854,40.0,0.04652920485063811,0.027619534518741724,0.0,0.0005332009208189188,0.05411182767460893
2,cloud000010.pcd,0.06404087951397543,0.05358693145334714,0.0,-0.05986209037427283,-3.4298451312765437,0.5219578063678616,0.11560523612235613,True,0.0,0.0,0.0,0.0,0.0021254908444110036,40.0,0.08176543897376409,0.05637796317641847,0.0,-0.05916509846532646,0.11560523612235613
3,cloud000015.pcd,0.1016424148614942,0.06595483544875227,0.0,-0.06979814822631482,-3.999139311196372,0.5261119421118219,0.16227852270599244,True,0.0,0.0,0.0,0.0,0.0015909522192973746,40.0,0.14951533298566733,0.049178611115670526,0.0,-0.03950883879030064,0.16227852270599244
4,cloud000020.pcd,0.12244061027137804,0.07667181726658825,0.0,-0.07876233637945866,-4.512749459132686,0.5193694940997946,0.16378217883265114,True,0.0,0.0,0.0,0.0,0.0013475678903785877,40.0,0.13595343540150176,0.07005465938539185,0.0,-0.0585970153173089,0.16378217883265114
5,cloud000025.pcd,0.17284731278254398,0.09114919547159164,0.0,-0.09650030304124586,-5.529060085996851,0.5173467485129796,0.34322168251700463,True,0.0,0.0,0.0,0.0,0.0011301997797279507,40.0,0.31249503164124076,0.08975212689726283,0.0,-0.10996605961277826,0.34322168251700463
6,cloud000030.pcd,0.21876204061656818,0.08595077309379633,0.0,-0.09907114524193683,-5.676358493890567,0.5325758150137051,0.36442742185838206,True,0.0,0.0,0.0,0.0,0.0009866729373458707,40.0,0.3615547795173749,-0.04093489268707365,0.0,-0.02024405520609397,0.36442742185838206
7,cloud000035.pcd,0.2739869723927936,0.09414297590358889,0.0,-0.11003827243936022,-6.304728595686067,0.5294235765005538,0.45515099816531207,True,0.0,0.0,0.0,0.0,0.0008633336720595486,40.0,0.4417810179567235,0.06553488759901284,0.0,-0.08773335632121824,0.45515099816531207
8,cloud000040.pcd,0.3373688257903826,0.09389185579068857,0.0,-0.11643886499392828,-6.671455535445674,0.5333160016766099,0.5703420190648939,True,0.0,0.0,0.0,0.0,0.0007669030756220357,40.0,0.5674515218482739,-0.002248253760238253,0.0,-0.057303877862910746,0.5703420190648939
9,cloud000045.pcd,0.39857537675513804,0.09445679724306012,0.0,-0.12155740148598729,-6.9647260737243535,0.5259270453881624,0.605997625951722,True,0.0,0.0,0.0,0.0,0.0006891711948779674,40.0,0.6038641043112254,0.005573714884229905,0.0,-0.05049950381849369,0.605997625951722
10,cloud000050.pcd,0.4599677508396479,0.08695347966641086,0.0,-0.12047403975180675,-6.902654018669835,0.5206206279014743,0.6888529802048637,True,0.0,0.0,0.0,0.0,0.0006272839328377073,40.0,0.6836601701834293,-0.08355629584109282,0.0,0.012064222610785198,0.6888529802048637
11,cloud000055.pcd,0.5176056944665133,0.08055638418709621,0.0,-0.11957678848749026,-6.851245308061722,0.528322192869817,0.762105227714323,True,0.0,0.0,0.0,0.0,0.0005795454942360819,40.0,0.7573636099222419,-0.08405794898922708,0.0,0.01178989765751001,0.762105227714323
12,cloud000060.pcd,0.5812710894470942,0.07419161883488895,0.0,-0.12132002412343974,-6.9511253526984325,0.5333369286535882,0.8199358254532991,True,0.0,0.0,0.0,0.0,0.0005343045426116099,40.0,0.8155662445987961,-0.08153389730222399,0.0,-0.022331191717191442,0.8199358254532991
13,cloud000065.pcd,0.6474239989960925,0.0659668510441808,0.0,-0.12201464491506508,-6.9909241924206,0.5369815102839327,0.9489662014986561,True,0.0,0.0,0.0,0.0,0.0004967690946724309,40.0,0.9416645388395574,-0.11707681826092717,0.0,-0.009887694613487858,0.9489662014986561
14,cloud000070.pcd,0.7175460117354661,0.05479147955330993,0.0,-0.12155044304148768,-6.96432738422255,0.530366808005611,1.042493395317521,True,0.0,0.0,0.0,0.0,0.00046293213451051524,40.0,1.0294792675625524,-0.164068497290883,0.0,0.006815066854795895,1.042493395317521
15,cloud000075.pcd,0.789507551640214,0.0423088747629343,0.0,-0.12105742724179601,-6.93607965966695,0.5200811078684894,1.1642941969721547,True,0.0,0.0,0.0,0.0,0.00043389175141301953,40.0,1.1471373955112392,-0.19898494066943712,0.0,0.007859154503264687,1.1642941969721547
16,cloud000080.pcd,0.8533872704519114,0.0320622451897091,0.0,-0.11929186349200177,-6.834920308342448,0.5245026077629404,1.2112705674797706,True,0.0,0.0,0.0,0.0,0.0004107081250532826,40.0,1.1955370040552138,-0.19177017447036712,0.0,0.033043301303809926,1.2112705674797706
17,cloud000085.pcd,0.9319031416223788,0.020420680391099302,0.0,-0.1169406541615174,-6.700205936953914,0.5273003991124415,1.3233080981940095,True,0.0,0.0,0.0,0.0,0.00038606236063325444,40.0,1.3084238664247778,-0.19400028297413788,0.0,0.039181612037231035,1.3233080981940095
18,cloud000090.pcd,1.0061724454606478,0.009748810094643371,0.0,-0.11716670223342243,-6.713157537441142,0.5273663909579747,1.454784742605273,True,0.0,0.0,0.0,0.0,0.00036615068144471173,40.0,1.43998819021489,-0.2069141139099142,0.0,-0.004382787196616916,1.454784742605273
19,cloud000095.pcd,1.0801949863851528,-0.0004936734067548642,0.0,-0.11646543743544123,-6.672978024195725,0.5353121432258462,1.4701229234190416,True,0.0,0.0,0.0,0.0,0.0003475380595811507,40.0,1.4561840940489583,-0.20149188844390842,0.0,0.013795401127586827,1.4701229234190416
20,cloud000100.pcd,1.1541645805607974,-0.009578497172017048,0.0,-0.11614799764702805,-6.654790064070124,0.5216467428742958,1.5335840970610422,True,0.0,0.0,0.0,0.0,0.0003306490952469258,40.0,1.5221329628841755,-0.1869458643001751,0.0,0.006532218691472038,1.5335840970610422
21,cloud000105.pcd,1.2222119140614556,-0.016858501411364066,0.0,-0.11525516795992713,-6.603634691175255,0.5315742877373496,1.6000339039093034,True,0.0,0.0,0.0,0.0,0.00031650557547979296,40.0,1.5908196619655923,-0.17019291260008132,0.0,0.020872691815515057,1.6000339039093034
22,cloud000110.pcd,1.297918820110715,-0.02490295399624666,0.0,-0.11593953443707491,-6.64284600195606,0.5313446398329975,1.6723144663717715,True,0.0,0.0,0.0,0.0,0.0003020958908406856,40.0,1.6628856597029422,-0.17669464440744215,0.0,-0.015031960229492573,1.6723144663717715
23,cloud000115.pcd,1.367023154264207,-0.030276279502665402,0.0,-0.11672677300946013,-6.687951449623637,0.533298698845338,1.6678267150249544,True,0.0,0.0,0.0,0.0,0.0002895403295614002,40.0,1.6627002958875408,-0.12928610077593883,0.0,-0.018941529837065468,1.6678267150249544
24,cloud000120.pcd,1.436160748836137,-0.03630169392808201,0.0,-0.1180680190066151,-6.764799184549432,0.5293171522309037,1.6933626827305786,True,0.0,0.0,0.0,0.0,0.0002776717838744234,40.0,1.686653319375399,-0.14699361908907746,0.0,-0.03272050506250564,1.6933626827305786
25,cloud000125.pcd,1.505762055565908,-0.04383454464038158,0.0,-0.11947933674903619,-6.845661734742092,0.5356642670907901,1.798158959192345,True,0.0,0.0,0.0,0.0,0.00026685898681698774,40.0,1.7873561257275605,-0.19344301849236506,0.0,-0.03624252949816048,1.798158959192345
26,cloud000130.pcd,1.5750473515917771,-0.051149213220503725,0.0,-0.12081510100787997,-6.922195389198261,0.5334910950155493,1.8789813133644504,True,0.0,0.0,0.0,0.0,0.00025696236157692434,40.0,1.8682534200277343,-0.1972374425026665,0.0,-0.03601840921634802,1.8789813133644504
27,cloud000135.pcd,1.6390623172700118,-0.05895739922397307,0.0,-0.12289810236619063,-7.041542575749479,0.5291312352894701,2.013198208953932,True,0.0,0.0,0.0,0.0,0.000248726713286168,40.0,1.9973457123943748,-0.2436250128446111,0.0,-0.06499220592955583,2.013198208953932
28,cloud000140.pcd,1.7108631166653803,-0.06739753213735387,0.0,-0.1254118670494304,-7.185570682788158,0.5324742153072355,2.0763164842301105,True,0.0,0.0,0.0,0.0,0.0002400610761692428,40.0,2.0608729227313036,-0.24225414663784106,0.0,-0.0721516976611979,2.0763164842301105
29,cloud000145.pcd,1.7788909585625239,-0.07492818817282489,0.0,-0.1286127677375502,-7.368968782857944,0.53638947344691,2.109358883535066,True,0.0,0.0,0.0,0.0,0.00023226318404514658,40.0,2.094263003063479,-0.23183411209382887,0.0,-0.09854094589308404,2.109358883535066
30,cloud000150.pcd,1.8533373103091473,-0.08422569936174691,0.0,-0.13117498071500203,-7.515772772679582,0.542552807135359,2.2305169770361104,True,0.0,0.0,0.0,0.0,0.00022444632774208938,40.0,2.2120333379421844,-0.276258060029366,0.0,-0.07613134011349895,2.2305169770361104
31,cloud000155.pcd,1.9258491076759041,-0.09460577555376819,0.0,-0.13204413720065813,-7.5655717710441,0.5372301413637574,2.3377470902335062,True,0.0,0.0,0.0,0.0,0.00021741302978334665,40.0,2.3139936302523676,-0.33124858384607153,0.0,-0.027736487641150106,2.3377470902335062
32,cloud000160.pcd,1.9949842876832775,-0.10542381449887613,0.0,-0.1327044689872266,-7.603405995492806,0.5230582641010432,2.4064576958987303,True,0.0,0.0,0.0,0.0,0.0002110906794289309,40.0,2.3774210764384565,-0.37201080247550716,0.0,-0.022707494312774128,2.4064576958987303
33,cloud000165.pcd,2.06381315051193,-0.11673683026149691,0.0,-0.13339654004886312,-7.643058746447717,0.5239708380891631,2.5106498731438367,True,0.0,0.0,0.0,0.0,0.00020522574163790415,40.0,2.477286540724477,-0.40717775264590933,0.0,-0.02490900264450127,2.5106498731438367
34,cloud000170.pcd,2.1333034883797337,-0.12839210715157495,0.0,-0.13396429443133487,-7.675588676363405,0.5337170867200263,2.602272309280919,True,0.0,0.0,0.0,0.0,0.00019966872117920605,40.0,2.5663404090681294,-0.4304398133563237,0.0,-0.020967677793342604,2.602272309280919
35,cloud000175.pcd,2.209689260535647,-0.14119931544499842,0.0,-0.1350060345342061,-7.73527598760745,0.5299871546086266,2.671844401522578,True,0.0,0.0,0.0,0.0,0.0001938801585617312,40.0,2.6348249960043244,-0.44176751230148975,0.0,-0.03593343085912065,2.671844401522578
36,cloud000180.pcd,2.279902789772598,-0.15275613721756864,0.0,-0.13658038283904694,-7.825479500958406,0.5343920030855229,2.7477271824957965,True,0.0,0.0,0.0,0.0,0.00018885798839966678,40.0,2.710583228140083,-0.4461494473752695,0.0,-0.06077749055956097,2.7477271824957965
37,cloud000185.pcd,2.3475825534214687,-0.16346978173258847,0.0,-0.1352541565288558,-7.749492330705246,0.533297377352239,2.7620617585493674,True,0.0,0.0,0.0,0.0,0.0001841718351844032,40.0,2.7275813352774985,-0.43177362384973106,0.0,0.053448622379932156,2.7620617585493674
38,cloud000190.pcd,2.404176632588172,-0.17273379956515353,0.0,-0.13049658941554737,-7.4769038143624345,0.5256157700089719,2.718901495918067,True,0.0,0.0,0.0,0.0,0.00018027392308232146,40.0,2.674004741148445,-0.4377141208251519,0.0,0.22478953990656161,2.718901495918067
39,cloud000195.pcd,2.456008280965991,-0.18149196929062728,0.0,-0.1225140098081138,-7.019535693229294,0.5274035184212339,2.685216981175361,True,0.0,0.0,0.0,0.0,0.0001767043822826961,40.0,2.617674131134422,-0.442317291538588,0.0,0.40314735865206286,2.685216981175361
40,cloud000200.pcd,2.5191770166023932,-0.19264903589749513,0.0,-0.1090595289844195,-6.24865072649191,0.5173295545104868,2.64701056846921,True,0.0,0.0,0.0,0.0,0.00017232902738222635,40.0,2.5511513203988687,-0.4505926059645018,0.0,0.543376658925387,2.64701056846921
41,cloud000205.pcd,2.5806674113973473,-0.2012977125994099,0.0,-0.09368656439676158,-5.36784473701504,0.5322852708034164,2.6736649433492112,True,0.0,0.0,0.0,0.0,0.00016820587215557678,40.0,2.5700172236168406,-0.3614751240341467,0.0,0.6425195983873377,2.6736649433492112
42,cloud000210.pcd,2.631419031630728,-0.20652873628330512,0.0,-0.08202236641948767,-4.699535421512213,0.5190942319414564,2.698265406121635,True,0.0,0.0,0.0,0.0,0.00016494327144090165,40.0,2.6165385552347056,-0.2696894225113886,0.0,0.6013566381345657,2.698265406121635
43,cloud000215.pcd,2.69235316101719,-0.2113278839837333,0.0,-0.06861033589147428,-3.9310826775564287,0.527061461086691,2.7486681275187306,True,0.0,0.0,0.0,0.0,0.00016118812286914803,40.0,2.6765051952880374,-0.21080048049401498,0.0,0.5891176217504972,2.7486681275187306
44,cloud000220.pcd,2.7492347483457604,-0.21396729370504441,0.0,-0.05606065024674001,-3.2120386558972394,0.5186409171066018,2.842190497679245,True,0.0,0.0,0.0,0.0,0.00015788124781839066,40.0,2.772598348179882,-0.12865363603876434,0.0,0.6117135495494518,2.842190497679245
45,cloud000225.pcd,2.8090249365029822,-0.21418955724053254,0.0,-0.044522143630218586,-2.550930924886787,0.5317992198185899,2.924007968659004,True,0.0,0.0,0.0,0.0,0.00015459329956757817,40.0,2.871015237972087,-0.010672687557931604,0.0,0.5540579372716605,2.924007968659004
46,cloud000230.pcd,2.869175670528538,-0.21349333093136072,0.0,-0.03375595500426858,-1.9340737551781007,0.5294058471787491,2.975524473713713,True,0.0,0.0,0.0,0.0,0.00015141829947746692,40.0,2.928787463346325,0.03389981716745083,0.0,0.5242143555938567,2.975524473713713
47,cloud000235.pcd,2.9304367008156604,-0.21149150367687358,0.0,-0.02294992089727391,-1.3149336075728864,0.525202931464223,3.069128199383516,True,0.0,0.0,0.0,0.0,0.00014834768104979147,40.0,3.020903203723842,0.09871408198717616,0.0,0.5328670265643767,3.069128199383516
48,cloud000240.pcd,2.9856594056334753,-0.2072239344603916,0.0,-0.012944550082209034,-0.7416680874063004,0.5316117275435431,3.1235458952796114,True,0.0,0.0,0.0,0.0,0.0001456745741819396,40.0,3.0646586983786483,0.23683452600469707,0.0,0.5552615866979514,3.1235458952796114
49,cloud000245.pcd,3.047296098230641,-0.20131785123109763,0.0,-0.0024668760963547365,-0.14134158890283421,0.5210953724712665,3.180216476927295,True,0.0,0.0,0.0,0.0,0.00014279796073255586,40.0,3.1213435938782315,0.2990899458728602,0.0,0.5305998618101508,3.180216476927295
50,cloud000250.pcd,3.1037244982431047,-0.19413688014675595,0.0,0.006506314122635978,0.37278433941340466,0.5147485344379816,3.282673672770539,True,0.0,0.0,0.0,0.0,0.00014029290237278593,40.0,3.2166358241892,0.4093429698034756,0.0,0.5115063533485724,3.282673672770539
51,cloud000255.pcd,3.1643436381844756,-0.1850970454674405,0.0,0.01594419665380306,0.9135351759895252,0.5231659586965692,3.343583615529476,True,0.0,0.0,0.0,0.0,0.0001376909558906011,40.0,3.2684896299501776,0.48741380914317295,0.0,0.5088759294777612,3.343583615529476
52,cloud000260.pcd,3.225604488851071,-0.17540905111444272,0.0,0.024975261771760335,1.4309770917562938,0.5272434783144709,3.405954526339006,True,0.0,0.0,0.0,0.0,0.0001351571729831892,40.0,3.3290401774069354,0.5264654683812212,0.0,0.4907665873933424,3.405954526339006
53,cloud000265.pcd,3.284269934759863,-0.16566421618433594,0.0,0.03314802632909569,1.8992420078457144,0.53037669323332,3.5091490749917793,True,0.0,0.0,0.0,0.0,0.00013284514576644875,40.0,3.4294820472284635,0.5696664523434118,0.0,0.47776589594465363,3.5091490749917793
54,cloud000270.pcd,3.3392331015797314,-0.15545610124868023,0.0,0.040554624685347776,2.3236088342074916,0.5261742884273491,3.5590715210881325,True,0.0,0.0,0.0,0.0,0.00013074028475496243,40.0,3.4689178424205998,0.6442698644681404,0.0,0.46745634715426243,3.5590715210881325
55,cloud000275.pcd,3.4034529917956013,-0.14334794087997388,0.0,0.04865982247332,2.7880024595770707,0.5305272176532564,3.616375278769858,True,0.0,0.0,0.0,0.0,0.00012835958068531907,40.0,3.526741039665551,0.664939568467466,0.0,0.4451102855729295,3.616375278769858
56,cloud000280.pcd,3.4637180946640953,-0.13232857148530816,0.0,0.056012856941488796,3.2093003012173646,0.5375505278392742,3.5761289156568568,True,0.0,0.0,0.0,0.0,0.0001261448137979695,40.0,3.4927392987345045,0.6386413147921834,0.0,0.4261542954297178,3.5761289156568568
57,cloud000285.pcd,3.5174017479120123,-0.12222103618881487,0.0,0.06239480155070315,3.5749587924116146,0.5285537916344007,3.5323571373700755,True,0.0,0.0,0.0,0.0,0.00012418075266627175,40.0,3.4479142950239154,0.6491718303018124,0.0,0.40989010093151285,3.5323571373700755
58,cloud000290.pcd,3.573903455753497,-0.11179842157520403,0.0,0.06929729415093126,3.970442486524967,0.5349973074942838,3.451097898839828,True,0.0,0.0,0.0,0.0,0.00012209848614738297,40.0,3.3696092947471983,0.6215765933327239,0.0,0.4116460211769957,3.451097898839828
59,cloud000295.pcd,3.6303321789894634,-0.10107033742781227,0.0,0.07624675137454288,4.3686170553446155,0.5306968462161469,3.3888544949808352,True,0.0,0.0,0.0,0.0,0.00012001388328498856,40.0,3.305119558168314,0.6283608542576486,0.0,0.4070406996870193,3.3888544949808352
60,cloud000300.pcd,3.6812729007117677,-0.09160263467554014,0.0,0.08183876666022394,4.689015930186783,0.5311783351193403,3.3684718579891473,True,0.0,0.0,0.0,0.0,0.00011815713655580456,40.0,3.2926374626945094,0.6119605634510995,0.0,0.36144911966435184,3.3684718579891473
61,cloud000305.pcd,3.7359612255274315,-0.08141410570800627,0.0,0.08883144321302304,5.089666784162262,0.5332416193550876,3.258063955123902,True,0.0,0.0,0.0,0.0,0.0001161238048789524,40.0,3.1779448208763994,0.592056585639821,0.0,0.40634523565927066,3.258063955123902
62,cloud000310.pcd,3.787807189302165,-0.07212843807948519,0.0,0.09605203049440225,5.503375960991131,0.5313285474165103,3.1591555521513515,True,0.0,0.0,0.0,0.0,0.00011416962593515322,40.0,3.080859410478736,0.551785219389606,0.0,0.4290712845396306,3.1591555521513515
63,cloud000315.pcd,3.8355987315876945,-0.06286645615401848,0.0,0.10386211440376422,5.950860806640606,0.5300858642293373,3.0740311590553357,True,0.0,0.0,0.0,0.0,0.00011233850044009727,40.0,2.9797752951037193,0.5774792694555756,0.0,0.4869542595374707,3.0740311590553357
64,cloud000320.pcd,3.878173483852741,-0.05485954791350524,0.0,0.1102974851612763,6.319580390647956,0.5329479261148753,3.0229468344116524,True,0.0,0.0,0.0,0.0,0.00011071093822983626,40.0,2.93861813808678,0.5526572565610955,0.0,0.44418572574676257,3.0229468344116524
65,cloud000325.pcd,3.9200028409932828,-0.047113772627077576,0.0,0.11584614902629249,6.637495412050131,0.5369378639028465,3.00754436033589,True,0.0,0.0,0.0,0.0,0.00010913171319347552,40.0,2.932430320923905,0.543014472650566,0.0,0.3889868568555619,3.00754436033589
66,cloud000330.pcd,3.964361347312749,-0.03882623908869938,0.0,0.12065261718778976,6.912885752067929,0.5261080079649124,3.0104886604583077,True,0.0,0.0,0.0,0.0,0.00010748661844960534,40.0,2.942638904632475,0.5497754689448615,0.0,0.31884978506799166,3.0104886604583077
67,cloud000335.pcd,4.005347620728266,-0.030783785717369762,0.0,0.12540040876010125,7.184914171169158,0.5339332786744542,2.9725132716900444,True,0.0,0.0,0.0,0.0,0.00010596655815015223,40.0,2.8982244579693703,0.5686985695567407,0.0,0.33572619585864827,2.9725132716900444
68,cloud000340.pcd,4.043660871841022,-0.02322501578741441,0.0,0.13174932969373382,7.548680545128563,0.5360408082686535,2.9472737292412967,True,0.0,0.0,0.0,0.0,0.00010454405267217404,40.0,2.8540651825395944,0.5630746922630725,0.0,0.4729495320052425,2.9472737292412967
69,cloud000345.pcd,4.077176756061737,-0.016632222259227142,0.0,0.13934426607273412,7.983838345315652,0.5404853280083038,2.9424176713374752,True,0.0,0.0,0.0,0.0,0.00010330077609158243,40.0,2.8182678126798626,0.5543717024971133,0.0,0.6386394163236135,2.9424176713374752
70,cloud000350.pcd,4.1121494214684455,-0.009560297614785093,0.0,0.14965368704618814,8.57452465631822,0.5332487605178322,2.9851594163126074,True,0.0,0.0,0.0,0.0,0.00010201555280446565,40.0,2.8109539554772347,0.5684111954566158,0.0,0.8286273673167546,2.9851594163126074
71,cloud000355.pcd,4.135951404414953,-0.004381449600137447,0.0,0.15910666734627443,9.116140531333475,0.527403457679367,2.9906638537064922,True,0.0,0.0,0.0,0.0,0.00010112426473424425,40.0,2.7243407961817034,0.5927635086218516,0.0,1.0819745537548109,2.9906638537064922
72,cloud000360.pcd,4.166956928683531,0.002908113934216621,0.0,0.1739578700998048,9.967051769803831,0.529066830191771,3.0380624539817216,True,0.0,0.0,0.0,0.0,9.995449891494215e-05,40.0,2.680374820412256,0.6301703651267982,0.0,1.2838612102985922,3.0380624539817216
73,cloud000365.pcd,4.19999255042075,0.01073212704003098,0.0,0.1922097031538212,11.012804772176343,0.5131724914810991,3.0976496588170512,True,0.0,0.0,0.0,0.0,9.871074300706975e-05,40.0,2.6549092147441096,0.628777162304865,0.0,1.4668093776629767,3.0976496588170512
74,cloud000370.pcd,4.225206601962729,0.016780370022154732,0.0,0.20789681790938333,11.911610240407452,0.508702981856454,3.177771554827788,True,0.0,0.0,0.0,0.0,9.776937099670335e-05,40.0,2.643904574619558,0.6342089553606342,0.0,1.6449254256405559,3.177771554827788
75,cloud000375.pcd,4.257128355018052,0.02411274836936788,0.0,0.2296529171064463,13.15814290306712,0.5130867782319416,3.237832134945225,True,0.0,0.0,0.0,0.0,9.658205622750947e-05,40.0,2.62859504627723,0.6037843024319953,0.0,1.7915048235791806,3.237832134945225
76,cloud000380.pcd,4.286064391254996,0.030625757301698153,0.0,0.25076829109097654,14.367964715221039,0.5275569153219443,3.306981480259727,True,0.0,0.0,0.0,0.0,9.551873024189435e-05,40.0,2.628264445340614,0.5915775633144359,0.0,1.9179125378186999,3.306981480259727
77,cloud000385.pcd,4.311759626730809,0.03675958203151348,0.0,0.27137597729140345,15.548698160035487,0.5266267596106483,3.350601942216464,True,0.0,0.0,0.0,0.0,9.456358874614397e-05,40.0,2.5696467794673694,0.613411890216925,0.0,2.060867452530176,3.350601942216464
78,cloud000390.pcd,4.342753778897917,0.04434266944802679,0.0,0.29807058162658634,17.0781863242131,0.5116229158141005,3.4241254856889864,True,0.0,0.0,0.0,0.0,9.341466683062812e-05,40.0,2.5510160634258563,0.6241363759714929,0.0,2.197135901594905,3.4241254856889864
79,cloud000395.pcd,4.371813978156024,0.05162726395462714,0.0,0.32481959680906974,18.61079200030076,0.5201291744740361,3.4962717024356635,True,0.0,0.0,0.0,0.0,9.234157585282804e-05,40.0,2.5297471422913516,0.6341381892170808,0.0,2.32855405140134,3.4962717024356635
80,cloud000400.pcd,4.398963872083809,0.058892824285047926,0.0,0.3523168408281547,20.18626803083567,0.525995113131441,3.532484429518484,True,0.0,0.0,0.0,0.0,9.131374353881533e-05,40.0,2.4391760775456834,0.6527458632090901,0.0,2.47038238853478,3.532484429518484
81,cloud000405.pcd,4.423680627198704,0.06575680858604957,0.0,0.3790397143332573,21.71737589914002,0.5265927044592826,3.608301247125746,True,0.0,0.0,0.0,0.0,9.03763256393137e-05,40.0,2.4076555836364335,0.6686197298746829,0.0,2.6030712893456887,3.608301247125746
82,cloud000410.pcd,4.446714853104638,0.07256240574089742,0.0,0.4058922090521464,23.255910515929695,0.5214888678224927,3.66336893083852,True,0.0,0.0,0.0,0.0,8.948752839079227e-05,40.0,2.342208762295126,0.6920193174205512,0.0,2.7304650339415977,3.66336893083852
83,cloud000415.pcd,4.471263747715347,0.07876397690120605,0.0,0.43432554123941064,24.885020447753416,0.5333320372030862,3.619029587461409,True,0.0,0.0,0.0,0.0,8.854609674833336e-05,40.0,2.333488494032668,0.5894886583281135,0.0,2.70272265037328,3.619029587461409
84,cloud000420.pcd,4.495912230023219,0.08539696988261518,0.0,0.4644744535353041,26.612425879218183,0.5395007807155836,3.7076995137043607,True,0.0,0.0,0.0,0.0,8.760269441972221e-05,40.0,2.313463551087784,0.62256115023401,0.0,2.8297243144750266,3.7076995137043607
85,cloud000425.pcd,4.51973660182252,0.09183853250423246,0.0,0.4958320547153474,28.409084082489116,0.5294173465746186,3.7673466243154525,True,0.0,0.0,0.0,0.0,8.667478177686046e-05,40.0,2.249219450276998,0.6081372495682841,0.0,2.960419149026738,3.7673466243154525
86,cloud000430.pcd,4.5380353447828785,0.09701098242237849,0.0,0.521343268636668,29.870768970436178,0.5141497773556649,3.853660542454674,True,0.0,0.0,0.0,0.0,8.59591333574668e-05,40.0,2.2162272862086345,0.6264542143674036,0.0,3.089755865701639,3.853660542454674
87,cloud000435.pcd,4.561334370888887,0.10385212274562458,0.0,0.4891323907309462,28.025221612027128,0.5282805692267467,3.835350992585429,True,0.0,0.0,0.0,0.0,8.505505603269378e-05,40.0,2.2152575218473665,0.650451546349228,0.0,-3.0625910817601163,3.835350992585429
88,cloud000440.pcd,4.583603336893684,0.11037309428750883,0.0,0.45939397291671563,26.32133578187505,0.533927555631078,3.684659996839556,True,0.0,0.0,0.0,0.0,8.418434275960678e-05,40.0,2.1753293669012725,0.6369968364374323,0.0,-2.904977877398603,3.684659996839556
89,cloud000445.pcd,4.610064621125133,0.11772667829239371,0.0,0.4241738116862259,24.303369189597703,0.5342418894899637,3.6166161966317647,True,0.0,0.0,0.0,0.0,8.314473035070412e-05,40.0,2.1427464741456506,0.5954686877998878,0.0,-2.852011098001807,3.6166161966317647
90,cloud000450.pcd,4.628924294192213,0.12232261759357178,0.0,0.3976671377176518,22.78464864226912,0.5217404365343072,3.491655537707982,True,0.0,0.0,0.0,0.0,8.236238717605334e-05,40.0,2.0043409131770993,0.48844055477872106,0.0,-2.817037756619294,3.491655537707982
91,cloud000455.pcd,4.650397182384865,0.12631796043020327,0.0,0.3657649499150715,20.956787923947537,0.5255019074395068,3.4057883145882486,True,0.0,0.0,0.0,0.0,8.14274069540358e-05,40.0,1.8915462499222215,0.35194966284833834,0.0,-2.8102630238132487,3.4057883145882486
92,cloud000460.pcd,4.668972239219619,0.12902067205235923,0.0,0.3364326672499066,19.27617192374884,0.5267833356186061,3.3036811598243787,True,0.0,0.0,0.0,0.0,8.056907993614128e-05,40.0,1.7621706900708833,0.25639971100202336,0.0,-2.782682671996888,3.3036811598243787
93,cloud000465.pcd,4.68613022535229,0.13047675376653192,0.0,0.3071393999970914,17.597791342013746,0.5344877838057196,3.2062284946842348,True,0.0,0.0,0.0,0.0,7.971520945453865e-05,40.0,1.6189845969310221,0.1373922235914295,0.0,-2.7640393289390497,3.2062284946842348
94,cloud000470.pcd,4.700961756058317,0.13073989928930962,0.0,0.2799754131876364,16.04140954308294,0.5385731025996793,3.152295103086469,True,0.0,0.0,0.0,0.0,7.893253665039994e-05,40.0,1.5105911072233473,0.02680136625764018,0.0,-2.7666515159100538,3.152295103086469
95,cloud000475.pcd,4.7163200618546055,0.1304586108652537,0.0,0.24986150850024438,14.316009899836146,0.5317059317308992,3.1198826594401803,True,0.0,0.0,0.0,0.0,7.807726581341035e-05,40.0,1.4174107005337895,-0.025959974197773225,0.0,-2.779197868887261,3.1198826594401803
96,cloud000480.pcd,4.727824832495469,0.13015408253223001,0.0,0.22568608406858662,12.9308601119647,0.5346493555286049,3.242701497734045,True,0.0,0.0,0.0,0.0,7.743258014656917e-05,40.0,1.3933317931851388,-0.03688113579774198,0.0,-2.9278625820431485,3.242701497734045
97,cloud000485.pcd,4.740154197019929,0.12964490421408265,0.0,0.19860821684284483,11.37941260171408,0.5382701219588373,3.36279761520162,True,0.0,0.0,0.0,0.0,7.674738668703049e-05,40.0,1.393321104016442,-0.05754140004335516,0.0,-3.060025014471149,3.36279761520162
98,cloud000490.pcd,4.752165896457712,0.1290176841644571,0.0,0.22524689827614508,12.905696619635691,0.5294556717007571,3.3799408681476653,True,0.0,0.0,0.0,0.0,7.608370766526568e-05,40.0,1.3890246822125007,-0.0725312962267413,0.0,3.0804788451549094,3.3799408681476653
99,cloud000495.pcd,4.764447234118491,0.1282253144144855,0.0,0.2514718946711062,14.408278230812762,0.5280888546423429,3.1863016612973896,True,0.0,0.0,0.0,0.0,7.539197229191249e-05,40.0,1.3508196068866578,-0.08715244411720341,0.0,2.884477269440943,3.1863016612973896
100,cloud000500.pcd,4.773838107691762,0.12801419758571186,0.0,0.2710516518405104,15.530115680510638,0.5170421162033626,3.046445666041049,True,0.0,0.0,0.0,0.0,7.48545464423363e-05,40.0,1.3173844938404358,-0.029616204972324436,0.0,2.7467166166046515,3.046445666041049
101,cloud000505.pcd,4.785998268376342,0.1276442220939743,0.0,0.2991737045754629,17.14139061346775,0.5304757612628029,2.9484947446445386,True,0.0,0.0,0.0,0.0,7.407665790121118e-05,40.0,1.1701461910489224,-0.03560194833503612,0.0,2.706124840439722,2.9484947446445386
102,cloud000510.pcd,4.794587670089528,0.12755399000542308,0.0,0.3211230957749861,18.39899809208202,0.5094282807276241,2.8796319356319326,True,0.0,0.0,0.0,0.0,7.347032579836836e-05,40.0,1.0493822936622887,-0.01102381274128364,0.0,2.68159567459601,2.8796319356319326
103,cloud000515.pcd,4.803752723376743,0.12779740318218819,0.0,0.34536119979374996,19.78773915575627,0.5283709670440366,2.978722991926985,True,0.0,0.0,0.0,0.0,7.283115223153109e-05,40.0,1.0534845094533631,0.027979325715058512,0.0,2.786068593611576,2.978722991926985
104,cloud000520.pcd,4.813523760876822,0.12799844817559006,0.0,0.37283994147775634,21.362155080580045,0.5203276887709984,3.0765860664425415,True,0.0,0.0,0.0,0.0,7.214073839959067e-05,40.0,1.0307382142064805,0.021208060809565027,0.0,2.898708466914105,3.0765860664425415
105,cloud000525.pcd,4.822356597578272,0.12815540609130055,0.0,0.39941386739430523,22.884728880691615,0.523983009222015,3.2173849170565645,True,0.0,0.0,0.0,0.0,7.151283080229102e-05,40.0,1.0148107222328049,0.01803300357360277,0.0,3.053096741560366,3.2173849170565645
106,cloud000530.pcd,4.829866520310066,0.12853539105955072,0.0,0.37678685196826733,21.588296393802235,0.5313890297038982,3.2190347126098033,True,0.0,0.0,0.0,0.0,7.098312692386417e-05,40.0,1.0138793691202377,0.05129998451962964,0.0,-3.054766998880195,3.2190347126098033
107,cloud000535.pcd,4.83777325767523,0.1288213057361418,0.0,0.3542532399351833,20.297215527121313,0.5396899842156442,2.9937498176829003,True,0.0,0.0,0.0,0.0,7.041686823138959e-05,40.0,0.9911458311232506,0.035840717437860686,0.0,-2.8246917274805297,2.9937498176829003
108,cloud000540.pcd,4.845258695968236,0.12925749918523688,0.0,0.3344250286676401,19.161142706197342,0.5356036586339399,2.8006332241712477,True,0.0,0.0,0.0,0.0,6.988386806309852e-05,40.0,0.9889323750711849,0.05762733012001389,0.0,-2.619587430243767,2.8006332241712477
109,cloud000545.pcd,4.852219246020742,0.1297883251072268,0.0,0.317255318045973,18.177390752114878,0.5338055623170906,2.5729103018828248,True,0.0,0.0,0.0,0.0,6.938044324506655e-05,40.0,0.9662419182905566,0.07368760417967926,0.0,-2.3834458487373302,2.5729103018828248
110,cloud000550.pcd,4.858325770151764,0.13023524699864955,0.0,0.302826483753021,17.350679443835098,0.5328745717866299,2.3559130770081724,True,0.0,0.0,0.0,0.0,6.891884593353758e-05,40.0,0.9178418951738889,0.06717465239091663,0.0,-2.1687277948045667,2.3559130770081724
111,cloud000555.pcd,4.865652697569533,0.13063927487891766,0.0,0.2873262516102884,16.462581560583498,0.5279082809823695,2.167894660699957,True,0.0,0.0,0.0,0.0,6.837365263557857e-05,40.0,0.9262098124550375,0.05107387665698171,0.0,-1.9594116724993278,2.167894660699957
112,cloud000560.pcd,4.873524653389327,0.13111266611528397,0.0,0.27201478371579235,15.585299072078815,0.5341657332396781,1.9776099995461627,True,0.0,0.0,0.0,0.0,6.777818557211433e-05,40.0,0.9038860521666114,0.05435647068717603,0.0,-1.7581173706832163,1.9776099995461627
113,cloud000565.pcd,4.881784468105905,0.13135068243954778,0.0,0.2569755754010947,14.723615908428584,0.5291714529721041,1.8606170120433463,True,0.0,0.0,0.0,0.0,6.715309154186088e-05,40.0,0.8956016662669208,0.025807820625997457,0.0,-1.6306830707649973,1.8606170120433463
114,cloud000570.pcd,4.8883682260832755,0.13134952001116929,0.0,0.24617272929861284,14.104658420027022,0.5350364097451024,1.6674958979726247,True,0.0,0.0,0.0,0.0,6.66436134811523e-05,40.0,0.8677894821530812,-0.00015321692019718003,0.0,-1.4238974545045695,1.6674958979726247
115,cloud000575.pcd,4.897664978253072,0.13036931706147126,0.0,0.2320861083051126,13.297554489499074,0.525430658508679,1.666291747745003,True,0.0,0.0,0.0,0.0,6.596744285493873e-05,40.0,0.9162911470390513,-0.09660914572164331,0.0,-1.3883822944073765,1.666291747745003
116,cloud000580.pcd,4.904659089093416,0.1292497140851882,0.0,0.22229565625304257,12.736602907390267,0.528666574131466,1.6296340236530804,True,0.0,0.0,0.0,0.0,6.547828192803574e-05,40.0,0.9432143536846329,-0.1509878270110943,0.0,-1.320324357930837,1.6296340236530804
117,cloud000585.pcd,4.911500085447206,0.12857038089040512,0.0,0.2134706194917894,12.230965546922658,0.5258236161690328,1.4409055194576899,True,0.0,0.0,0.0,0.0,6.496993135890483e-05,40.0,0.8811570507549122,-0.08750176194193357,0.0,-1.1367121049613211,1.4409055194576899
118,cloud000590.pcd,4.918728132579699,0.12764611550520663,0.0,0.20525711730785304,11.760366536761621,0.5307722718817393,1.328977649691552,True,0.0,0.0,0.0,0.0,6.443315010399603e-05,40.0,0.8748549285173102,-0.11186951505391078,0.0,-0.9941306046140299,1.328977649691552
119,cloud000595.pcd,4.926989379629616,0.12615361101505623,0.0,0.1970783111081363,11.29175546006242,0.5243663131226776,1.343933916049497,True,0.0,0.0,0.0,0.0,6.387122911396684e-05,40.0,0.9472829473107005,-0.17113930182228498,0.0,-0.9378297968257727,1.343933916049497
120,cloud000600.pcd,4.937363905777716,0.12322861871431123,0.0,0.18761094788791047,10.749315504426097,0.5256396280594687,1.4345002173080639,True,0.0,0.0,0.0,0.0,6.323245746082998e-05,40.0,1.0373562035274002,-0.2924720478923372,0.0,-0.9466483410759057,1.4345002173080639
121,cloud000605.pcd,4.9476552455684955,0.11946103133856507,0.0,0.17919397977494259,10.267058755256844,0.5266064435551366,1.5249208540426884,True,0.0,0.0,0.0,0.0,6.265945753073313e-05,40.0,1.1356837441109517,-0.415765859852994,0.0,-0.9288405644873146,1.5249208540426884
122,cloud000610.pcd,4.957473240414138,0.1147824744789025,0.0,0.17154454303756803,9.82877831455296,0.5291210984721528,1.6321927953859252,True,0.0,0.0,0.0,0.0,6.214900995491697e-05,40.0,1.2051976748209015,-0.5743113474219427,0.0,-0.9389985953868123,1.6321927953859252
123,cloud000615.pcd,4.968817039860832,0.10895832338160942,0.0,0.1636370404227287,9.375711788234003,0.5316910611850079,1.7761918882495262,True,0.0,0.0,0.0,0.0,6.162400657655037e-05,40.0,1.3428597496162817,-0.6894531343744803,0.0,-0.9360767555308269,1.7761918882495262
124,cloud000620.pcd,4.977552403049363,0.10380228327390961,0.0,0.15820737869801693,9.064615087224295,0.5023236667093167,1.8345624189903023,True,0.0,0.0,0.0,0.0,6.123753603130946e-05,40.0,1.39288255100716,-0.8221476478203901,0.0,-0.8657775196057793,1.8345624189903023
125,cloud000625.pcd,4.9912032547872895,0.09533554069356716,0.0,0.1503944365538948,8.616966476786205,0.5349199667649184,1.9949103130384713,True,0.0,0.0,0.0,0.0,6.068920890222484e-05,40.0,1.524536141623389,-0.9455714056062543,0.0,-0.8725545409033949,1.9949103130384713
126,cloud000630.pcd,5.003195303433836,0.08786194267599315,0.0,0.14387852494446804,8.243632241885756,0.5185708165354538,2.0904014857636155,True,0.0,0.0,0.0,0.0,6.0237459067112516e-05,40.0,1.6110419736649844,-1.0040219528361312,0.0,-0.8753639523052595,2.0904014857636155
127,cloud000635.pcd,5.016956207608475,0.07888517364901142,0.0,0.13686722471447857,7.841914329808255,0.5313165219405892,2.200476327311555,True,0.0,0.0,0.0,0.0,5.9748451565812843e-05,40.0,1.6951108117821718,-1.1057862215589165,0.0,-0.8636736855133367,2.200476327311555
128,cloud000640.pcd,5.030296333679085,0.06996433610609891,0.0,0.13026879804829455,7.463852330409334,0.5255667874205484,2.313349830034698,True,0.0,0.0,0.0,0.0,5.930029892029839e-05,40.0,1.7785276622009594,-1.189340809531379,0.0,-0.8797131519369259,2.313349830034698
129,cloud000645.pcd,5.045364249021768,0.05979325972650597,0.0,0.12353875317864663,7.078249163444835,0.5368605839979866,2.532447810038115,True,0.0,0.0,0.0,0.0,5.8846371004780864e-05,40.0,1.968444446716556,-1.328730508581082,0.0,-0.8792005495468345,2.532447810038115
130,cloud000650.pcd,5.061205582011171,0.04861531167037407,0.0,0.11682895145674481,6.6938058434102485,0.5300947468820274,2.68759801784553,True,0.0,0.0,0.0,0.0,5.839715731379624e-05,40.0,2.075192670252929,-1.4642957060538742,0.0,-0.8789747277868261,2.68759801784553
131,cloud000655.pcd,5.077645160351612,0.03675095518399824,0.0,0.11046566055562845,6.3292161309622825,0.529946367891151,2.8628015285426094,True,0.0,0.0,0.0,0.0,5.7963710160503226e-05,40.0,2.214859725904052,-1.5984525157071237,0.0,-0.8573088949869205,2.8628015285426094
132,cloud000660.pcd,5.096478348350086,0.022690284821974785,0.0,0.1034207787450397,5.925574136047065,0.5280565946853452,3.014031858798642,True,0.0,0.0,0.0,0.0,5.749184877349551e-05,40.0,2.3134790879171954,-1.7272204178748345,0.0,-0.8653971248503787,3.014031858798642
133,cloud000665.pcd,5.114691029379138,0.008679419017651804,0.0,0.09715516142951593,5.566580707823465,0.5369216747496494,3.2922945450612078,True,0.0,0.0,0.0,0.0,5.707593794163296e-05,40.0,2.517560553679293,-1.9367386391708215,0.0,-0.8661037313974296,3.2922945450612078
134,cloud000670.pcd,5.132364146337923,-0.0046301753054031145,0.0,0.09029827978003493,5.173710328687501,0.5270042583872769,2.892232475743997,True,0.0,0.0,0.0,0.0,5.6618844275027276e-05,40.0,2.206789988797895,-1.6619297872342174,0.0,-0.8561985875912588,2.892232475743997
135,cloud000675.pcd,5.151117063911364,-0.01943964102202026,0.0,0.08294374991055581,4.752326806863447,0.5338867740922727,2.9538178423925703,True,0.0,0.0,0.0,0.0,5.613961256721081e-05,40.0,2.2155640019982306,-1.7496647656059992,0.0,-0.8689011492012123,2.9538178423925703
136,cloud000680.pcd,5.169032926842033,-0.03384110149097461,0.0,0.07623809259359245,4.368120943740427,0.5320394916668999,3.0878189476839792,True,0.0,0.0,0.0,0.0,5.570427515100309e-05,40.0,2.310367928210889,-1.8571627007656903,0.0,-0.8647384534386163,3.0878189476839792
137,cloud000685.pcd,5.187311993346031,-0.04858195872851442,0.0,0.0693807656292908,3.9752250499446857,0.5340262178503207,3.1105478153568384,True,0.0,0.0,0.0,0.0,5.5266186521641125e-05,40.0,2.324237796697364,-1.8743439409072702,0.0,-0.8719295655090415,3.1105478153568384
138,cloud000690.pcd,5.206643519291945,-0.06417454085743539,0.0,0.06274514007585137,3.5950317113034456,0.5353723382245825,3.3593927221324433,True,0.0,0.0,0.0,0.0,5.4843268593195485e-05,40.0,2.526210518554824,-2.0376117796244393,0.0,-0.8671321196882978,3.3593927221324433
139,cloud000695.pcd,5.228028455981996,-0.08195139669103453,0.0,0.05629694655234441,3.2255774369229053,0.5384545200410026,3.7534933557913197,True,0.0,0.0,0.0,0.0,5.442616603398386e-05,40.0,2.8118260162818762,-2.3374128455503738,0.0,-0.847849052359016,3.7534933557913197
140,cloud000700.pcd,5.250067188662858,-0.10069406447924402,0.0,0.04993057498177233,2.8608112151170517,0.5344788976418009,3.9076395826393617,True,0.0,0.0,0.0,0.0,5.401357218510193e-05,40.0,2.90717791367043,-2.4723867123476357,0.0,-0.8398021378179611,3.9076395826393617
141,cloud000705.pcd,5.271930951754688,-0.1195899025849308,0.0,0.04358356678087555,2.4971544326707447,0.5302597835377432,3.98610713191613,True,0.0,0.0,0.0,0.0,5.3612661513414434e-05,40.0,2.9456435812247994,-2.545783358249086,0.0,-0.8551146428191843,3.98610713191613
142,cloud000710.pcd,5.295445718418888,-0.1396516258904934,0.0,0.03697910914181336,2.1187468839795454,0.5381405401429387,4.155886433803467,True,0.0,0.0,0.0,0.0,5.3204911265321625e-05,40.0,3.091817190487018,-2.637797001037893,0.0,-0.8683809605214501,4.155886433803467
143,cloud000715.pcd,5.314608345548179,-0.15591556463140624,0.0,0.03166423941167278,1.8142272797806553,0.5279972760436582,4.235289207175246,True,0.0,0.0,0.0,0.0,5.288218769121197e-05,40.0,3.1591924433633647,-2.681308362519787,0.0,-0.8762209991163157,4.235289207175246
144,cloud000720.pcd,5.339664233950813,-0.17761602744290422,0.0,0.025043898949974382,1.434909712385646,0.5349113853910185,4.393701392816007,True,0.0,0.0,0.0,0.0,5.2475356797803123e-05,40.0,3.2569065317217047,-2.8207492760352806,0.0,-0.8605494143907494,4.393701392816007
145,cloud000725.pcd,5.366023623206187,-0.2007304788143796,0.0,0.018534481441034936,1.061947562034854,0.5409183188325479,4.655902920919591,True,0.0,0.0,0.0,0.0,5.207346960749345e-05,40.0,3.4418075278315943,-3.018108346945975,0.0,-0.8499499729303935,4.655902920919591
146,cloud000730.pcd,5.390660158536215,-0.2223221431444787,0.0,0.012602534620622064,0.7220720449291483,0.544207101942539,4.75904794450974,True,0.0,0.0,0.0,0.0,5.1709190488036426e-05,40.0,3.52177713724096,-3.0865147543715286,0.0,-0.8479680446786364,4.75904794450974
147,cloud000735.pcd,5.419309139496035,-0.24726715344710032,0.0,0.006191849465839114,0.35476684177291445,0.5314147517264918,5.023574734299595,True,0.0,0.0,0.0,0.0,5.1312649046897824e-05,40.0,3.7358405979688856,-3.2528410813628406,0.0,-0.8359563607383769,5.023574734299595
148,cloud000740.pcd,5.447573978320801,-0.27233029218827326,0.0,0.0001688942662525202,0.009676928640228217,0.5406454306520833,5.25823093928748,True,0.0,0.0,0.0,0.0,5.093934980393416e-05,40.0,3.8852041174458227,-3.445107557025985,0.0,-0.8278982408391538,5.25823093928748
149,cloud000745.pcd,5.4774561886111615,-0.29924376897887206,0.0,-0.005502275278299424,-0.3152571511657275,0.5412674307979597,5.765917527441807,True,0.0,0.0,0.0,0.0,5.0580548721603996e-05,40.0,4.242407391482569,-3.820933316427477,0.0,-0.8051416331113584,5.765917527441807
150,cloud000750.pcd,5.5066704870461285,-0.32585140415673935,0.0,-0.010994122422915368,-0.6299168142831933,0.5374220648946684,5.944887269369757,True,0.0,0.0,0.0,0.0,5.0241113321733123e-05,40.0,4.353332760056854,-3.9649040398933524,0.0,-0.8183608496059458,5.944887269369757
151,cloud000755.pcd,5.540285902017878,-0.35663493664808055,0.0,-0.017086522017719093,-0.9789855981726596,0.537375141067793,6.04481758216922,True,0.0,0.0,0.0,0.0,4.985890118233296e-05,40.0,4.418687162938654,-4.046441192640532,0.0,-0.8008352091942209,6.04481758216922
152,cloud000760.pcd,5.575111898120105,-0.388897492762207,0.0,-0.023140762738043334,-1.325868039603482,0.5459348414794956,6.39442241556295,True,0.0,0.0,0.0,0.0,4.94857414203688e-05,40.0,4.653197038316353,-4.31068877737474,0.0,-0.808923739219773,6.39442241556295
153,cloud000765.pcd,5.6063391134922,-0.41794475687057275,0.0,-0.02839401219043398,-1.626857061954877,0.53863550810086,6.669181570882452,True,0.0,0.0,0.0,0.0,4.916689632141158e-05,40.0,4.846560010106294,-4.508224859409114,0.0,-0.8153204957820476,6.669181570882452
154,cloud000770.pcd,5.6400963446098675,-0.4491914676642893,0.0,-0.03420625889291981,-1.959874267496145,0.5310704091644752,6.3655870088252255,True,0.0,0.0,0.0,0.0,4.880878155122281e-05,40.0,4.634654645727196,-4.289976059914419,0.0,-0.7979847662236143,6.3655870088252255
155,cloud000775.pcd,5.672756555077633,-0.4800532649240889,0.0,-0.03990685607810477,-2.2864944269114003,0.5349909762704312,6.3877372224582585,True,0.0,0.0,0.0,0.0,4.846268190717019e-05,40.0,4.60591366211507,-4.352292027530802,0.0,-0.8039280237759614,6.3877372224582585
156,cloud000780.pcd,5.710407075244708,-0.516092440052928,0.0,-0.045986372153798694,-2.6348250395305985,0.5381878110269588,6.967688959154529,True,0.0,0.0,0.0,0.0,4.809771881080224e-05,40.0,4.99953338194608,-4.785566263490734,0.0,-0.8072861525320842,6.967688959154529
157,cloud000785.pcd,5.74699810768432,-0.5509863491504936,0.0,-0.051755001080625966,-2.9653431306148827,0.5379672493176268,7.063815860188753,True,0.0,0.0,0.0,0.0,4.775120915516126e-05,40.0,5.07906536386125,-4.843493973548311,0.0,-0.8007219645297249,7.063815860188753
158,cloud000790.pcd,5.783986346780291,-0.5868031596447014,0.0,-0.05754802568795291,-3.2972589912301475,0.5336179450761726,7.210703480478985,True,0.0,0.0,0.0,0.0,4.740809305238344e-05,40.0,5.147625331433016,-4.984598496639444,0.0,-0.8062108644025365,7.210703480478985
159,cloud000795.pcd,5.819163955199965,-0.6209293441606242,0.0,-0.06286749826089062,-3.6020423188950756,0.5316286591982784,7.525819002382894,True,0.0,0.0,0.0,0.0,4.70975414396446e-05,40.0,5.370132582740443,-5.209624634148697,0.0,-0.812058416425792,7.525819002382894
160,cloud000800.pcd,5.85318494868954,-0.6537239737174058,0.0,-0.06779029102075505,-3.8840975674528657,0.536061216937597,7.773638948793669,True,0.0,0.0,0.0,0.0,4.680969951826452e-05,40.0,5.566614980343365,-5.365953708010655,0.0,-0.8054818249380125,7.773638948793669
161,cloud000805.pcd,5.890634123087135,-0.690222893778869,0.0,-0.07313263453633219,-4.190191303604519,0.5375282784080754,8.034826575902565,True,0.0,0.0,0.0,0.0,4.650345962091515e-05,40.0,5.7242201843573675,-5.578970919489595,0.0,-0.8165934516730359,8.034826575902565
162,cloud000810.pcd,5.93007225874791,-0.7288766870655242,0.0,-0.07853102000704251,-4.499496007260964,0.5386117679440021,8.37596335476779,True,0.0,0.0,0.0,0.0,4.619540418268538e-05,40.0,5.953505514150009,-5.835102689800697,0.0,-0.8149299435405659,8.37596335476779
163,cloud000815.pcd,5.9697282732411105,-0.767750623277815,0.0,-0.08388385456107418,-4.8061908356387715,0.5387948563636121,8.702232032497932,True,0.0,0.0,0.0,0.0,4.5899249724648995e-05,40.0,6.185710088130631,-6.063718264853508,0.0,-0.8349573986222267,8.702232032497932
164,cloud000820.pcd,6.0085457127361614,-0.8061051827391167,0.0,-0.08905153843699781,-5.102277311587002,0.5412331565092966,8.779160134400232,True,0.0,0.0,0.0,0.0,4.561267107172346e-05,40.0,6.2171111901319955,-6.142975011266334,0.0,-0.8276709043667145,8.779160134400232
165,cloud000825.pcd,6.051014411819532,-0.8483291933916205,0.0,-0.0945645771291008,-5.4181511609368265,0.5391594133578955,8.93402566128693,True,0.0,0.0,0.0,0.0,4.530562494505725e-05,40.0,6.308859271861506,-6.2725100332668084,0.0,-0.8189792957991576,8.93402566128693
166,cloud000830.pcd,6.093706764644619,-0.8905533573480464,0.0,-0.09998477963229532,-5.728705888476117,0.5387212112174137,9.033382537983863,True,0.0,0.0,0.0,0.0,4.5003248682206876e-05,40.0,6.396678455669937,-6.326528804709735,0.0,-0.8121195081377359,9.033382537983863
167,cloud000835.pcd,6.13502076379014,-0.930676705172036,0.0,-0.10547964927371076,-6.043538727903785,0.5373975621365775,8.44016651055497,True,0.0,0.0,0.0,0.0,4.4694776701558744e-05,40.0,6.027335690644074,-5.85363052160192,0.0,-0.8016513673363401,8.44016651055497
168,cloud000840.pcd,6.1728422161973615,-0.9676618433324682,0.0,-0.1106048927830818,-6.337193549967565,0.5424156162376292,8.332536141078709,True,0.0,0.0,0.0,0.0,4.440970086109618e-05,40.0,5.929725114408977,-5.79860604633811,0.0,-0.8035462210112372,8.332536141078709
169,cloud000845.pcd,6.212596538526246,-1.007367279782852,0.0,-0.11583324105750971,-6.636755839916791,0.5430077142971671,8.841182762640635,True,0.0,0.0,0.0,0.0,4.4126253788561066e-05,40.0,6.228596921588668,-6.2209376177821865,0.0,-0.8191631012518518,8.841182762640635
170,cloud000850.pcd,6.255406550113461,-1.0504910367811902,0.0,-0.1212353112634822,-6.946271663352382,0.5437058985266827,9.188005777303374,True,0.0,0.0,0.0,0.0,4.383327443221654e-05,40.0,6.447708331660714,-6.494962205843882,0.0,-0.8136174643238592,9.188005777303374
171,cloud000855.pcd,6.298373866385928,-1.0938504818717139,0.0,-0.12647057032405912,-7.246229912181064,0.5412678131934995,9.477003631708433,True,0.0,0.0,0.0,0.0,4.354990098158449e-05,40.0,6.646346587853865,-6.707002552852082,0.0,-0.8098096230434623,9.477003631708433
172,cloud000860.pcd,6.341801250393902,-1.1376117260605483,0.0,-0.13176905021786145,-7.549810447930862,0.5381749404997741,9.485304743545115,True,0.0,0.0,0.0,0.0,4.32657940303732e-05,40.0,6.656853224747923,-6.708029648848631,0.0,-0.8121880645825443,9.485304743545115
173,cloud000865.pcd,6.3789398619484965,-1.1741276735902153,0.0,-0.13649303229660054,-7.820474683538049,0.5446646945372157,8.934256321906703,True,0.0,0.0,0.0,0.0,4.3012534682876e-05,40.0,6.344608934442394,-6.238235551853676,0.0,-0.8070258323700122,8.934256321906703
174,cloud000870.pcd,6.42058399680538,-1.215454757421819,0.0,-0.1417610411735131,-8.12230935862259,0.5429561977586039,9.053718325392602,True,0.0,0.0,0.0,0.0,4.27326833390276e-05,40.0,6.400611735813434,-6.351881692069385,0.0,-0.8096813526758098,9.053718325392602
175,cloud000875.pcd,6.462360186343472,-1.2578559528859907,0.0,-0.14681484887124807,-8.411871210173533,0.5426030689240998,9.576229606163077,True,0.0,0.0,0.0,0.0,4.2466109371358625e-05,40.0,6.696860519029459,-6.797051023639964,0.0,-0.8101419879586826,9.576229606163077
176,cloud000880.pcd,6.500617964429448,-1.296247424121471,0.0,-0.15144714376703688,-8.677282157162225,0.5332846336988812,9.28064936036673,True,0.0,0.0,0.0,0.0,4.2217201793397665e-05,40.0,6.527157600319824,-6.549966981850874,0.0,-0.7903155998244751,9.28064936036673
177,cloud000885.pcd,6.543819211409911,-1.3398331082842632,0.0,-0.15660537189085785,-8.972826858422852,0.5346010785915796,9.338774877077125,True,0.0,0.0,0.0,0.0,4.193880008868042e-05,40.0,6.551094089748764,-6.609390651285031,0.0,-0.7822005182123791,9.338774877077125
178,cloud000890.pcd,6.587574262309253,-1.3841824377161271,0.0,-0.16171239597374676,-9.265437784244057,0.54367187565436,9.560994651195264,True,0.0,0.0,0.0,0.0,4.166460504789263e-05,40.0,6.692441730942424,-6.7833380816289965,0.0,-0.7811317868622831,9.560994651195264
179,cloud000895.pcd,6.629250572373964,-1.4272158874327745,0.0,-0.1662989109965317,-9.528225737722982,0.5390051037755609,10.139736832887685,True,0.0,0.0,0.0,0.0,4.141772619831287e-05,40.0,7.033518677088874,-7.262556878275216,0.0,-0.774044991637119,10.139736832887685
180,cloud000900.pcd,6.666952976073512,-1.4655527456751223,0.0,-0.17065184578365564,-9.777630529520861,0.541824520523433,9.42546944811208,True,0.0,0.0,0.0,0.0,4.118067630981818e-05,40.0,6.587422774486603,-6.698275661690431,0.0,-0.7605515547778967,9.42546944811208
181,cloud000905.pcd,6.708097769477551,-1.5082357498780086,0.0,-0.17513214058991933,-10.034332512894153,0.5364297551805467,10.03884866882483,True,0.0,0.0,0.0,0.0,4.093678723068598e-05,40.0,6.947299263273257,-7.207026190193204,0.0,-0.7564978757129052,10.03884866882483
182,cloud000910.pcd,6.749101432980299,-1.5511032595377556,0.0,-0.17965322305449588,-10.293371456944994,0.5323231043599,10.08635852816796,True,0.0,0.0,0.0,0.0,4.069532902525494e-05,40.0,6.9517548440808925,-7.267751036705735,0.0,-0.7665036301330089,10.08635852816796
183,cloud000915.pcd,6.791526871543588,-1.5960141493302638,0.0,-0.1840375893931911,-10.544577143991456,0.5377695656273842,10.560261202213646,True,0.0,0.0,0.0,0.0,4.045664877817864e-05,40.0,7.233598939574509,-7.6573719867105225,0.0,-0.7475408333370712,10.560261202213646
184,cloud000920.pcd,6.833694716963623,-1.6412029761738658,0.0,-0.18829567043066905,-10.788547216263629,0.5381414220218883,10.931282862104814,True,0.0,0.0,0.0,0.0,4.0227357475803414e-05,40.0,7.440185017835426,-7.973213454619202,0.0,-0.7513049439495373,10.931282862104814
185,cloud000925.pcd,6.872959420683117,-1.682680326208397,0.0,-0.19263493525373443,-11.037168776814857,0.5394729489607692,10.047783862841156,True,0.0,0.0,0.0,0.0,3.999803383637934e-05,40.0,6.887712393598899,-7.275849066056982,0.0,-0.7611825703423518,10.047783862841156
186,cloud000930.pcd,6.912889895147437,-1.7248378083741616,0.0,-0.1969364952018939,-11.283630007166908,0.5423753754714885,10.19761978321138,True,0.0,0.0,0.0,0.0,3.976965678741673e-05,40.0,6.993436847905809,-7.383475732461674,0.0,-0.753376669035434,10.19761978321138
187,cloud000935.pcd,6.952148987145043,-1.766454703320501,0.0,-0.2010257152413752,-11.517925056929506,0.5358698885788253,10.572105603678144,True,0.0,0.0,0.0,0.0,3.955388934112438e-05,40.0,7.236126867349412,-7.670710562415044,0.0,-0.7537136874178813,10.572105603678144
188,cloud000940.pcd,6.994432584228905,-1.8114653804982155,0.0,-0.20537064907954863,-11.766871428120421,0.540280822237301,10.74234964305127,True,0.0,0.0,0.0,0.0,3.932593665781626e-05,40.0,7.336964393038959,-7.810161824796636,0.0,-0.7539241469348723,10.74234964305127
189,cloud000945.pcd,7.037675866420972,-1.8582074520703273,0.0,-0.2097445229750002,-12.017475942452242,0.5393160743991026,11.072459804806757,True,0.0,0.0,0.0,0.0,3.909924166375135e-05,40.0,7.501632685422061,-8.108585521614524,0.0,-0.7587582096636601,11.072459804806757
190,cloud000950.pcd,7.081177770303592,-1.9056184167896963,0.0,-0.21394008172307435,-12.257863751416082,0.5391168817316704,11.493330084924906,True,0.0,0.0,0.0,0.0,3.8879882799603755e-05,40.0,7.753921684828738,-8.45068547868868,0.0,-0.7478301189861829,11.493330084924906
191,cloud000955.pcd,7.1248638816642424,-1.9534955636185087,0.0,-0.21815344339639944,-12.499271592859788,0.5293210099529028,11.676609030171734,True,0.0,0.0,0.0,0.0,3.86636185872734e-05,40.0,7.853869450237111,-8.607331921559329,0.0,-0.7574762664441121,11.676609030171734
192,cloud000960.pcd,7.17044635348616,-2.0037792737573024,0.0,-0.22248470372692647,-12.747434529771423,0.534827618385824,12.042553070844873,True,0.0,0.0,0.0,0.0,3.844527595949415e-05,40.0,8.071640995917793,-8.904125642172241,0.0,-0.7669697813768712,12.042553070844873
193,cloud000965.pcd,7.218978306955977,-2.058229050208465,0.0,-0.22689740373012543,-13.00026361621209,0.5342178398010486,12.618063078605227,True,0.0,0.0,0.0,0.0,3.8222635200114994e-05,40.0,8.380425713577733,-9.40230660514578,0.0,-0.7619784889992575,12.618063078605227
194,cloud000970.pcd,7.260967268678803,-2.1050957036404623,0.0,-0.2307277006438904,-13.219723463652807,0.5321856123439227,12.555125996375033,True,0.0,0.0,0.0,0.0,3.8030712696379153e-05,40.0,8.362379271840204,-9.333803816996998,0.0,-0.7628289484292884,12.555125996375033
195,cloud000975.pcd,7.304659896979545,-2.1543061721004664,0.0,-0.234609413316583,-13.44212921708054,0.5344226316950736,12.859972069219134,True,0.0,0.0,0.0,0.0,3.7835760339167745e-05,40.0,8.523424996347664,-9.599828466873216,0.0,-0.7572326982788825,12.859972069219134
196,cloud000980.pcd,7.350622963494988,-2.205222902278756,0.0,-0.2387178057679303,-13.677522765126147,0.5324463606574602,12.399347868357992,True,0.0,0.0,0.0,0.0,3.7626075795357934e-05,40.0,8.293637376700069,-9.187483092846453,0.0,-0.7413238449005065,12.399347868357992
197,cloud000985.pcd,7.396445818886841,-2.2561191615341722,0.0,-0.24270918408672945,-13.906211897233359,0.5328020826432206,12.652479906336572,True,0.0,0.0,0.0,0.0,3.742206949200033e-05,40.0,8.45137724900141,-9.387094799137692,0.0,-0.7361532498835497,12.652479906336572
198,cloud000990.pcd,7.437555390633117,-2.302139901577588,0.0,-0.24649793957591307,-14.123291596370604,0.5363459260323815,12.65571894208381,True,0.0,0.0,0.0,0.0,3.723925900884218e-05,40.0,8.415301052402564,-9.420637716927413,0.0,-0.7755740743835666,12.65571894208381
199,cloud000995.pcd,7.482009460753229,-2.3513064376663153,0.0,-0.25057465027331227,-14.356869913627413,0.5378028593912614,12.338885545642768,True,0.0,0.0,0.0,0.0,3.703883446729532e-05,40.0,8.25965033575105,-9.135235428740572,0.0,-0.7574605607439877,12.338885545642768
200,cloud001000.pcd,7.528572760266671,-2.402835766968978,0.0,-0.2547326693001732,-14.595106855001637,0.5328197078829287,12.518797651645492,True,0.0,0.0,0.0,0.0,3.6832985422754696e-05,40.0,8.378228558130727,-9.27177633149159,0.0,-0.7481607643813923,12.518797651645492
201,cloud001005.pcd,7.570093680161189,-2.4489602329515647,0.0,-0.2584309589320864,-14.807003242327255,0.5249570483475555,12.672289697568456,True,0.0,0.0,0.0,0.0,3.6652283027448145e-05,40.0,8.46330473506652,-9.401656137305164,0.0,-0.7538308937502886,12.672289697568456
202,cloud001010.pcd,7.614061072394518,-2.4979364878368275,0.0,-0.26228929999020195,-15.028069900879316,0.527551201250565,12.811577657555599,True,0.0,0.0,0.0,0.0,3.646366732381109e-05,40.0,8.543855435641035,-9.517190360032012,0.0,-0.7497626433470236,12.811577657555599
203,cloud001015.pcd,7.6570684746415125,-2.546257819119334,0.0,-0.2659389660570752,-15.237180363143263,0.5359547597886601,13.007994453128207,True,0.0,0.0,0.0,0.0,3.628204616224513e-05,40.0,8.634498288115816,-9.701363729018038,0.0,-0.7327351516287803,13.007994453128207
204,cloud001020.pcd,7.700306382801025,-2.5948800398897287,0.0,-0.26951788564003454,-15.442237350463556,0.5298217999347005,13.088539231289642,True,0.0,0.0,0.0,0.0,3.6101406388258696e-05,40.0,8.684464920490402,-9.765920429800826,0.0,-0.7188368469816707,13.088539231289642
205,cloud001025.pcd,7.7446224191493345,-2.6455177750580647,0.0,-0.2731350770007904,-15.64948714912605,0.5268248826328354,13.621951399884987,True,0.0,0.0,0.0,0.0,3.592281153814276e-05,40.0,8.958103984107883,-10.235980799193756,0.0,-0.7311839913973639,13.621951399884987
206,cloud001030.pcd,7.78678914694163,-2.694229313601633,0.0,-0.2764902665494819,-15.841725349732474,0.5205506321096857,13.985406488776642,True,0.0,0.0,0.0,0.0,3.57571003994742e-05,40.0,9.140890759874235,-10.559672895782946,0.0,-0.727336996466295,13.985406488776642
207,cloud001035.pcd,7.827626134094386,-2.7415338910281597,0.0,-0.2797165220362018,-16.02657617275245,0.5174343154209095,14.07725705559521,True,0.0,0.0,0.0,0.0,3.5598152782533383e-05,40.0,9.186751448770764,-10.641710505749385,0.0,-0.7257833971899145,14.07725705559521
208,cloud001040.pcd,7.871578916637175,-2.7926428880716405,0.0,-0.2832131157256319,-16.226916233828874,0.5298880580639486,14.184027868298157,True,0.0,0.0,0.0,0.0,3.542874653909647e-05,40.0,9.236010651362166,-10.739780595562562,0.0,-0.734756133530857,14.184027868298157
209,cloud001045.pcd,7.917522502324099,-2.84676046445613,0.0,-0.2868109242362504,-16.43305547698356,0.5315464355127495,14.56319091619114,True,0.0,0.0,0.0,0.0,3.525582420496236e-05,40.0,9.413033089025445,-11.087740096656109,0.0,-0.7371277198346285,14.56319091619114
210,cloud001050.pcd,7.9614287178508105,-2.898352102400418,0.0,-0.29018220013384816,-16.626215357490093,0.5321208070199155,14.61868695860838,True,0.0,0.0,0.0,0.0,3.509224049625908e-05,40.0,9.462738245684962,-11.119112856263678,0.0,-0.7265828081572098,14.61868695860838
211,cloud001055.pcd,8.009444905316562,-2.9547680870646778,0.0,-0.29386027258352343,-16.836953385599827,0.5305046542432893,14.612434419760714,True,0.0,0.0,0.0,0.0,3.491410817416264e-05,40.0,9.459235578829343,-11.11400378739971,0.0,-0.7245838458602238,14.612434419760714
212,cloud001060.pcd,8.052962124332067,-3.0060668296386464,0.0,-0.29722340884344023,-17.029646899220474,0.5318127429207224,14.708495944370306,True,0.0,0.0,0.0,0.0,3.47542264249757e-05,40.0,9.50305397869573,-11.202340837679547,0.0,-0.734423433728851,14.708495944370306
213,cloud001065.pcd,8.097684249348756,-3.059127114321482,0.0,-0.30059271176819075,-17.22269373670976,0.5359249347637854,15.078812327986272,True,0.0,0.0,0.0,0.0,3.459409712915341e-05,40.0,9.706424122150635,-11.516126011039642,0.0,-0.7312685426156856,15.078812327986272
214,cloud001070.pcd,8.143416335297966,-3.11278108039675,0.0,-0.30410445962128685,-17.4239020674063,0.5372113726765985,14.494908469434801,True,0.0,0.0,0.0,0.0,3.442563186891492e-05,40.0,9.391017599772482,-11.017764207607561,0.0,-0.7211323343311856,14.494908469434801
215,cloud001075.pcd,8.18699403753282,-3.16400130814191,0.0,-0.3075074943542836,-17.61888159514344,0.5412421786853565,14.51399673795692,True,0.0,0.0,0.0,0.0,3.4265918653218815e-05,40.0,9.393023168821339,-11.040343139932546,0.0,-0.733512380232283,14.51399673795692
216,cloud001080.pcd,8.229767326708915,-3.213714210362914,0.0,-0.3108483087004188,-17.810296157313743,0.5349474025472994,14.48613422447945,True,0.0,0.0,0.0,0.0,3.411058924769885e-05,40.0,9.435856933121197,-10.966746820812663,0.0,-0.7369890606371396,14.48613422447945
217,cloud001085.pcd,8.27565306364474,-3.2668086443561277,0.0,-0.31442122198932215,-18.015009009334115,0.5391834795956769,14.369124456884986,True,0.0,0.0,0.0,0.0,3.3943786563362345e-05,40.0,9.38347923932483,-10.857633599648114,0.0,-0.7306487791014883,14.369124456884986
218,cloud001090.pcd,8.320496186039328,-3.318665977037493,0.0,-0.3178423202480902,-18.211023500861078,0.537736397175791,14.538558291272908,True,0.0,0.0,0.0,0.0,3.3783524022488344e-05,40.0,9.49782380627422,-10.98344144140994,0.0,-0.7245924625813013,14.538558291272908
219,cloud001095.pcd,8.364090095159167,-3.36911731372732,0.0,-0.3211863446424114,-18.402621985244473,0.5349622446080634,14.703096942491218,True,0.0,0.0,0.0,0.0,3.363012769895313e-05,40.0,9.600985490344232,-11.11124377939925,0.0,-0.7364774193792931,14.703096942491218
220,cloud001100.pcd,8.407634874529663,-3.419572722596163,0.0,-0.32447802913870677,-18.591221614370845,0.5343973334095133,14.82553311381261,True,0.0,0.0,0.0,0.0,3.347876061630839e-05,40.0,9.674603393350509,-11.209979173442132,0.0,-0.7313331806493086,14.82553311381261
221,cloud001105.pcd,8.451218552000856,-3.470069234252226,0.0,-0.32772428181057656,-18.77721819170205,0.5327672406197085,14.914334461467362,True,0.0,0.0,0.0,0.0,3.3328850273078084e-05,40.0,9.733334431329233,-11.277144657855745,0.0,-0.7249700974587853,14.914334461467362
222,cloud001110.pcd,8.494216645551088,-3.520210376531251,0.0,-0.33095752746895774,-18.96246952205629,0.5163729412481259,14.96216927906127,True,0.0,0.0,0.0,0.0,3.318153880277241e-05,40.0,9.728210705637728,-11.344307545679168,0.0,-0.7315137121387493,14.96216927906127
223,cloud001115.pcd,8.538212437637092,-3.5715633357210685,0.0,-0.33428766933625664,-19.15327259623233,0.5373346616346192,14.981290619209219,True,0.0,0.0,0.0,0.0,3.303158333619711e-05,40.0,9.735210833827352,-11.36317499811137,0.0,-0.7368803162205672,14.981290619209219
224,cloud001120.pcd,8.58033147764068,-3.6207519751773227,0.0,-0.33759121869558034,-19.342552031934726,0.5265625515105626,14.857875813169066,True,0.0,0.0,0.0,0.0,3.288742916165157e-05,40.0,9.651184815234906,-11.271117531686956,0.0,-0.7569774954597077,14.857875813169066
225,cloud001125.pcd,8.62079427757822,-3.6681261243221805,0.0,-0.34074651227299896,-19.523337037045547,0.5269010823452135,14.801599737134305,True,0.0,0.0,0.0,0.0,3.274882380520681e-05,40.0,9.600765087615297,-11.240647653338637,0.0,-0.7486687146222677,14.801599737134305
226,cloud001130.pcd,8.662394495215679,-3.717011271303755,0.0,-0.3439277045287973,-19.705605927122495,0.5336818578872139,14.928047863642659,True,0.0,0.0,0.0,0.0,3.2607832714075924e-05,40.0,9.662725405078767,-11.354838471915368,0.0,-0.738914096470081,14.928047863642659
227,cloud001135.pcd,8.706213204598209,-3.7686094111772594,0.0,-0.3473215732801127,-19.900060282794204,0.5367325199586083,14.888639302273178,True,0.0,0.0,0.0,0.0,3.245938934629054e-05,40.0,9.625442801004251,-11.334312465822205,0.0,-0.7455146443205376,14.888639302273178
228,cloud001140.pcd,8.749083261571343,-3.8192901066982547,0.0,-0.3505907511756226,-20.08737037868438,0.5365987445127615,14.981850147266098,True,0.0,0.0,0.0,0.0,3.23153962553202e-05,40.0,9.663907217423796,-11.424606679117163,0.0,-0.7369486791038732,14.981850147266098
229,cloud001145.pcd,8.792643885702676,-3.8710040764448133,0.0,-0.3539790356226187,-20.281504777287072,0.5237956527952171,14.939859187638909,True,0.0,0.0,0.0,0.0,3.216895812788786e-05,40.0,9.612789067422199,-11.41203765845858,0.0,-0.7477134301657362,14.939859187638909
230,cloud001150.pcd,8.830663129681518,-3.9163702358074532,0.0,-0.35698055148436825,-20.453478968306896,0.5321770790983249,14.923844307262833,True,0.0,0.0,0.0,0.0,3.2041205986670185e-05,40.0,9.57353400409947,-11.423543022983992,0.0,-0.7558044600332704,14.923844307262833
231,cloud001155.pcd,8.871291334828394,-3.964849831081857,0.0,-0.3602022059959497,-20.638066174869795,0.5343515673254898,14.968453161910784,True,0.0,0.0,0.0,0.0,3.190563256040118e-05,40.0,9.602004804817174,-11.457589747752408,0.0,-0.7614006571994631,14.968453161910784
232,cloud001160.pcd,8.907638958268583,-4.008359095441985,0.0,-0.36316699325089685,-20.80793597173244,0.5397860678487291,14.93074969409495,True,0.0,0.0,0.0,0.0,3.178431725020381e-05,40.0,9.559336875523693,-11.442831081077097,0.0,-0.7797318628254861,14.93074969409495
233,cloud001165.pcd,8.946522085369148,-4.055357079022306,0.0,-0.3663682527950695,-20.991354632739508,0.5368102421261493,15.106251391872743,True,0.0,0.0,0.0,0.0,3.165579857249381e-05,40.0,9.616296011596537,-11.62320409280922,0.0,-0.7917125417174444,15.106251391872743
234,cloud001170.pcd,8.986764248393193,-4.104282956083035,0.0,-0.36970046508244375,-21.18227633324769,0.5337447607717765,15.18142223599184,True,0.0,0.0,0.0,0.0,3.152352145102627e-05,40.0,9.630522596220482,-11.708659007512056,0.0,-0.7974458457857735,15.18142223599184
235,cloud001175.pcd,9.02743025447836,-4.154048826927037,0.0,-0.37310639516333327,-21.377421752199307,0.5314128163561271,15.295167860752487,True,0.0,0.0,0.0,0.0,3.1390878626995334e-05,40.0,9.66456892760873,-11.827217258735434,0.0,-0.809443788515504,15.295167860752487
236,cloud001180.pcd,9.063809913020515,-4.1988128606466235,0.0,-0.3761740224350733,-21.553183847989242,0.5387623717804222,15.351451747778436,True,0.0,0.0,0.0,0.0,3.12727614222405e-05,40.0,9.668273547066077,-11.896508664850552,0.0,-0.8152539301393568,15.351451747778436
237,cloud001185.pcd,9.105886821215218,-4.2507306471089406,0.0,-0.3797284675525934,-21.756838551734024,0.5352331030943085,15.384478230382433,True,0.0,0.0,0.0,0.0,3.113672584456732e-05,40.0,9.672918910774039,-11.935205318628693,0.0,-0.8171194336682596,15.384478230382433
238,cloud001190.pcd,9.145695699935219,-4.299720283743403,0.0,-0.38307856358440834,-21.948784915320548,0.5344531326372726,15.303911589514978,True,0.0,0.0,0.0,0.0,3.100811406123647e-05,40.0,9.637671690796758,-11.86031984109048,0.0,-0.8110533811908708,15.303911589514978
239,cloud001195.pcd,9.181943169069296,-4.344282039097066,0.0,-0.3861691040605561,-22.125859841018165,0.5291183642378016,15.210952680625606,True,0.0,0.0,0.0,0.0,3.08908461563913e-05,40.0,9.584597415718795,-11.783070526187016,0.0,-0.8172042619386956,15.210952680625606
240,cloud001200.pcd,9.221127918255016,-4.3927305650041895,0.0,-0.38958273917144703,-22.32144672566989,0.5401242064100199,15.27398626170488,True,0.0,0.0,0.0,0.0,3.0764635711593425e-05,40.0,9.590728098015216,-11.858099091628027,0.0,-0.8355099076740254,15.27398626170488
241,cloud001205.pcd,9.258838944634402,-4.439550405570741,0.0,-0.3930967189397353,-22.522782935687164,0.5372200550128112,15.258885540178428,True,0.0,0.0,0.0,0.0,3.0643219461261777e-05,40.0,9.55527770045114,-11.863283009152056,0.0,-0.8903775829902842,15.258885540178428
242,cloud001210.pcd,9.299474186239744,-4.490286729191368,0.0,-0.3969345924660985,-22.742676891052767,0.5378872141631118,15.299543352444358,True,0.0,0.0,0.0,0.0,3.051279911812876e-05,40.0,9.547549077718163,-11.920872637982551,0.0,-0.901736630555906,15.299543352444358
243,cloud001215.pcd,9.335122536178414,-4.535158095579366,0.0,-0.4000295959783062,-22.920007529880433,0.5382844604461303,15.462546043113834,True,0.0,0.0,0.0,0.0,3.0399545730662515e-05,40.0,9.604400939109988,-12.089271851781909,0.0,-0.8338577995989921,15.462546043113834
244,cloud001220.pcd,9.375963241039436,-4.586585913083802,0.0,-0.40364919424887263,-23.127395234316744,0.5427557543266898,15.388787535927007,True,0.0,0.0,0.0,0.0,3.0269618500748587e-05,40.0,9.555648006461553,-12.03275319280623,0.0,-0.8468905499066832,15.388787535927007
245,cloud001225.pcd,9.416477044205463,-4.637662633470496,0.0,-0.4072969470731574,-23.336396075855188,0.5361735035386813,15.39280539117042,True,0.0,0.0,0.0,0.0,3.0141216262710964e-05,40.0,9.550747596009288,-12.040855864509904,0.0,-0.859923379066676,15.39280539117042
246,cloud001230.pcd,9.453187215348846,-4.684129097990228,0.0,-0.41052207355317083,-23.52118221155584,0.5337846592978576,15.394978197667328,True,0.0,0.0,0.0,0.0,3.0025103916227007e-05,40.0,9.52947073544207,-12.062074352384007,0.0,-0.8371998128078452,15.394978197667328
247,cloud001235.pcd,9.486478391055073,-4.72646193923986,0.0,-0.4134769004021563,-23.690481319194646,0.5269688696433308,15.444447146418222,True,0.0,0.0,0.0,0.0,2.9920248301929133e-05,40.0,9.532832524970713,-12.121887478531756,0.0,-0.8461061796143009,15.444447146418222
248,cloud001240.pcd,9.521668750876836,-4.771458330166902,0.0,-0.4166878999764078,-23.87445804281756,0.5352014931520498,15.502453006058554,True,0.0,0.0,0.0,0.0,2.9809824981471414e-05,40.0,9.535162497243665,-12.192199836885228,0.0,-0.8700508569432486,15.502453006058554
249,cloud001245.pcd,9.521668750876836,-4.771458330166902,0.0,-0.4166878999764078,-23.87445804281756,0.5408946344522964,15.502453006058554,True,0.0,0.0,0.0,0.0,2.9809824981471414e-05,40.0,9.535162497243665,-12.192199836885228,0.0,-0.8700508569432486,15.502453006058554
